historical_code,canonical_code,historical_name,canonical_name,tx_count_historical,tx_count_db,mapping_ok,action,exemplar
4146136021,4146126221,경기도 용인시 처인구 양지면 양지리,경기도 용인시 처인구 양지읍 양지리,869,869,True,already_present,
4146136022,4146126222,경기도 용인시 처인구 양지면 남곡리,경기도 용인시 처인구 양지읍 남곡리,495,495,True,already_present,
4146136023,4146126223,경기도 용인시 처인구 양지면 평창리,경기도 용인시 처인구 양지읍 평창리,1189,1189,True,already_present,
4146136024,4146126224,경기도 용인시 처인구 양지면 제일리,경기도 용인시 처인구 양지읍 제일리,819,819,True,already_present,
4146136025,4146126225,경기도 용인시 처인구 양지면 추계리,경기도 용인시 처인구 양지읍 추계리,456,456,True,already_present,
4146136026,4146126226,경기도 용인시 처인구 양지면 식금리,경기도 용인시 처인구 양지읍 식금리,250,250,True,already_present,
4146136027,4146126227,경기도 용인시 처인구 양지면 정수리,경기도 용인시 처인구 양지읍 정수리,134,134,True,already_present,
4146136028,4146126228,경기도 용인시 처인구 양지면 대대리,경기도 용인시 처인구 양지읍 대대리,1072,1072,True,already_present,
4146136029,4146126229,경기도 용인시 처인구 양지면 주북리,경기도 용인시 처인구 양지읍 주북리,1197,1197,True,already_present,
4146136030,4146126230,경기도 용인시 처인구 양지면 송문리,경기도 용인시 처인구 양지읍 송문리,425,425,True,already_present,
4159025321,4159325021,경기도 화성시 봉담읍 상리,경기도 화성시 효행구 봉담읍 상리,1272,1272,True,already_present,
4159025322,4159325022,경기도 화성시 봉담읍 내리,경기도 화성시 효행구 봉담읍 내리,1145,1145,True,already_present,
4159025323,4159325023,경기도 화성시 봉담읍 수영리,경기도 화성시 효행구 봉담읍 수영리,538,538,True,already_present,
4159025324,4159325024,경기도 화성시 봉담읍 동화리,경기도 화성시 효행구 봉담읍 동화리,762,762,True,already_present,
4159025325,4159325025,경기도 화성시 봉담읍 와우리,경기도 화성시 효행구 봉담읍 와우리,980,980,True,already_present,
4159025326,4159325026,경기도 화성시 봉담읍 수기리,경기도 화성시 효행구 봉담읍 수기리,387,387,True,already_present,
4159025327,4159325027,경기도 화성시 봉담읍 분천리,경기도 화성시 효행구 봉담읍 분천리,985,985,True,already_present,
4159025328,4159325028,경기도 화성시 봉담읍 왕림리,경기도 화성시 효행구 봉담읍 왕림리,1023,1023,True,already_present,
4159025329,4159325029,경기도 화성시 봉담읍 세곡리,경기도 화성시 효행구 봉담읍 세곡리,164,164,True,already_present,
4159025330,4159325030,경기도 화성시 봉담읍 당하리,경기도 화성시 효행구 봉담읍 당하리,359,359,True,already_present,
4159025331,4159325031,경기도 화성시 봉담읍 마하리,경기도 화성시 효행구 봉담읍 마하리,300,300,True,already_present,
4159025332,4159325032,경기도 화성시 봉담읍 유리,경기도 화성시 효행구 봉담읍 유리,219,219,True,already_present,
4159025333,4159325033,경기도 화성시 봉담읍 덕리,경기도 화성시 효행구 봉담읍 덕리,230,230,True,already_present,
4159025334,4159325034,경기도 화성시 봉담읍 덕우리,경기도 화성시 효행구 봉담읍 덕우리,642,642,True,already_present,
4159025335,4159325035,경기도 화성시 봉담읍 하가등리,경기도 화성시 효행구 봉담읍 하가등리,738,738,True,already_present,
4159025336,4159325036,경기도 화성시 봉담읍 상기리,경기도 화성시 효행구 봉담읍 상기리,1027,1027,True,already_present,
4159025621,4159125021,경기도 화성시 우정읍 원안리,경기도 화성시 만세구 우정읍 원안리,1008,1008,True,already_present,
4159025622,4159125022,경기도 화성시 우정읍 호곡리,경기도 화성시 만세구 우정읍 호곡리,3303,3303,True,already_present,
4159025623,4159125023,경기도 화성시 우정읍 운평리,경기도 화성시 만세구 우정읍 운평리,1325,1325,True,already_present,
4159025624,4159125024,경기도 화성시 우정읍 한각리,경기도 화성시 만세구 우정읍 한각리,581,581,True,already_present,
4159025625,4159125025,경기도 화성시 우정읍 멱우리,경기도 화성시 만세구 우정읍 멱우리,831,831,True,already_present,
4159025626,4159125026,경기도 화성시 우정읍 화수리,경기도 화성시 만세구 우정읍 화수리,1853,1853,True,already_present,
4159025627,4159125027,경기도 화성시 우정읍 주곡리,경기도 화성시 만세구 우정읍 주곡리,3784,3784,True,already_present,
4159025628,4159125028,경기도 화성시 우정읍 이화리,경기도 화성시 만세구 우정읍 이화리,1975,1975,True,already_present,
4159025629,4159125029,경기도 화성시 우정읍 석천리,경기도 화성시 만세구 우정읍 석천리,2422,2422,True,already_present,
4159025630,4159125030,경기도 화성시 우정읍 매향리,경기도 화성시 만세구 우정읍 매향리,3131,3131,True,already_present,
4159025631,4159125031,경기도 화성시 우정읍 화산리,경기도 화성시 만세구 우정읍 화산리,2527,2527,True,already_present,
4159025632,4159125032,경기도 화성시 우정읍 조암리,경기도 화성시 만세구 우정읍 조암리,2490,2490,True,already_present,
4159025633,4159125033,경기도 화성시 우정읍 국화리,경기도 화성시 만세구 우정읍 국화리,66,66,True,already_present,
4159025921,4159125321,경기도 화성시 향남읍 평리,경기도 화성시 만세구 향남읍 평리,1140,1140,True,already_present,
4159025922,4159125322,경기도 화성시 향남읍 발안리,경기도 화성시 만세구 향남읍 발안리,306,306,True,already_present,
4159025923,4159125323,경기도 화성시 향남읍 제암리,경기도 화성시 만세구 향남읍 제암리,1035,1035,True,already_present,
4159025924,4159125324,경기도 화성시 향남읍 상신리,경기도 화성시 만세구 향남읍 상신리,3912,3912,True,already_present,
4159025925,4159125325,경기도 화성시 향남읍 구문천리,경기도 화성시 만세구 향남읍 구문천리,2734,2734,True,already_present,
4159025926,4159125326,경기도 화성시 향남읍 하길리,경기도 화성시 만세구 향남읍 하길리,4880,4880,True,already_present,
4159025927,4159125327,경기도 화성시 향남읍 화리현리,경기도 화성시 만세구 향남읍 화리현리,2296,2296,True,already_present,
4159025928,4159125328,경기도 화성시 향남읍 상두리,경기도 화성시 만세구 향남읍 상두리,941,941,True,already_present,
4159025929,4159125329,경기도 화성시 향남읍 백토리,경기도 화성시 만세구 향남읍 백토리,1163,1163,True,already_present,
4159025930,4159125330,경기도 화성시 향남읍 길성리,경기도 화성시 만세구 향남읍 길성리,1648,1648,True,already_present,
4159025931,4159125331,경기도 화성시 향남읍 요리,경기도 화성시 만세구 향남읍 요리,757,757,True,already_present,
4159025932,4159125332,경기도 화성시 향남읍 수직리,경기도 화성시 만세구 향남읍 수직리,652,652,True,already_present,
4159025933,4159125333,경기도 화성시 향남읍 갈천리,경기도 화성시 만세구 향남읍 갈천리,416,416,True,already_present,
4159025934,4159125334,경기도 화성시 향남읍 증거리,경기도 화성시 만세구 향남읍 증거리,1650,1650,True,already_present,
4159025935,4159125335,경기도 화성시 향남읍 송곡리,경기도 화성시 만세구 향남읍 송곡리,1513,1513,True,already_present,
4159025936,4159125336,경기도 화성시 향남읍 동오리,경기도 화성시 만세구 향남읍 동오리,4068,4068,True,already_present,
4159025937,4159125337,경기도 화성시 향남읍 관리,경기도 화성시 만세구 향남읍 관리,598,598,True,already_present,
4159025938,4159125338,경기도 화성시 향남읍 도이리,경기도 화성시 만세구 향남읍 도이리,1749,1749,True,already_present,
4159025939,4159125339,경기도 화성시 향남읍 행정리,경기도 화성시 만세구 향남읍 행정리,879,879,True,already_present,
4159025940,4159125340,경기도 화성시 향남읍 방축리,경기도 화성시 만세구 향남읍 방축리,4237,4237,True,already_present,
4159025941,4159125341,경기도 화성시 향남읍 장짐리,경기도 화성시 만세구 향남읍 장짐리,1084,1084,True,already_present,
4159026221,4159125621,경기도 화성시 남양읍 남양리,경기도 화성시 만세구 남양읍 남양리,5102,5102,True,already_present,
4159026222,4159125622,경기도 화성시 남양읍 신남리,경기도 화성시 만세구 남양읍 신남리,3247,3247,True,already_present,
4159026223,4159125623,경기도 화성시 남양읍 장덕리,경기도 화성시 만세구 남양읍 장덕리,2424,2424,True,already_present,
4159026224,4159125624,경기도 화성시 남양읍 안석리,경기도 화성시 만세구 남양읍 안석리,1339,1339,True,already_present,
4159026225,4159125625,경기도 화성시 남양읍 활초리,경기도 화성시 만세구 남양읍 활초리,2452,2452,True,already_present,
4159026226,4159125626,경기도 화성시 남양읍 온석리,경기도 화성시 만세구 남양읍 온석리,1602,1602,True,already_present,
4159026227,4159125627,경기도 화성시 남양읍 무송리,경기도 화성시 만세구 남양읍 무송리,1764,1764,True,already_present,
4159026228,4159125628,경기도 화성시 남양읍 북양리,경기도 화성시 만세구 남양읍 북양리,2547,2547,True,already_present,
4159026229,4159125629,경기도 화성시 남양읍 송림리,경기도 화성시 만세구 남양읍 송림리,949,949,True,already_present,
4159026230,4159125630,경기도 화성시 남양읍 수화리,경기도 화성시 만세구 남양읍 수화리,1401,1401,True,already_present,
4159026231,4159125631,경기도 화성시 남양읍 장전리,경기도 화성시 만세구 남양읍 장전리,2565,2565,True,already_present,
4159026232,4159125632,경기도 화성시 남양읍 신외리,경기도 화성시 만세구 남양읍 신외리,1145,1145,True,already_present,
4159026233,4159125633,경기도 화성시 남양읍 문호리,경기도 화성시 만세구 남양읍 문호리,4179,4179,True,already_present,
4159026234,4159125634,경기도 화성시 남양읍 시리,경기도 화성시 만세구 남양읍 시리,2268,2268,True,already_present,
4159026235,4159125635,경기도 화성시 남양읍 원천리,경기도 화성시 만세구 남양읍 원천리,1465,1465,True,already_present,
4159031021,4159331021,경기도 화성시 매송면 천천리,경기도 화성시 효행구 매송면 천천리,754,754,True,already_present,
4159031022,4159331022,경기도 화성시 매송면 원평리,경기도 화성시 효행구 매송면 원평리,953,953,True,already_present,
4159031023,4159331023,경기도 화성시 매송면 어천리,경기도 화성시 효행구 매송면 어천리,639,639,True,already_present,
4159031024,4159331024,경기도 화성시 매송면 숙곡리,경기도 화성시 효행구 매송면 숙곡리,1219,1219,True,already_present,
4159031025,4159331025,경기도 화성시 매송면 야목리,경기도 화성시 효행구 매송면 야목리,2364,2364,True,already_present,
4159031026,4159331026,경기도 화성시 매송면 송라리,경기도 화성시 효행구 매송면 송라리,832,832,True,already_present,
4159031027,4159331027,경기도 화성시 매송면 원리,경기도 화성시 효행구 매송면 원리,585,585,True,already_present,
4159032021,4159332021,경기도 화성시 비봉면 양노리,경기도 화성시 효행구 비봉면 양노리,2548,2548,True,already_present,
4159032022,4159332022,경기도 화성시 비봉면 남전리,경기도 화성시 효행구 비봉면 남전리,1123,1123,True,already_present,
4159032023,4159332023,경기도 화성시 비봉면 유포리,경기도 화성시 효행구 비봉면 유포리,1257,1257,True,already_present,
4159032024,4159332024,경기도 화성시 비봉면 삼화리,경기도 화성시 효행구 비봉면 삼화리,1943,1943,True,already_present,
4159032025,4159332025,경기도 화성시 비봉면 구포리,경기도 화성시 효행구 비봉면 구포리,1698,1698,True,already_present,
4159032026,4159332026,경기도 화성시 비봉면 쌍학리,경기도 화성시 효행구 비봉면 쌍학리,764,764,True,already_present,
4159032027,4159332027,경기도 화성시 비봉면 청요리,경기도 화성시 효행구 비봉면 청요리,836,836,True,already_present,
4159032028,4159332028,경기도 화성시 비봉면 자안리,경기도 화성시 효행구 비봉면 자안리,677,677,True,already_present,
4159033021,4159131021,경기도 화성시 마도면 석교리,경기도 화성시 만세구 마도면 석교리,1946,1946,True,already_present,
4159033022,4159131022,경기도 화성시 마도면 두곡리,경기도 화성시 만세구 마도면 두곡리,906,906,True,already_present,
4159033023,4159131023,경기도 화성시 마도면 송정리,경기도 화성시 만세구 마도면 송정리,3522,3522,True,already_present,
4159033024,4159131024,경기도 화성시 마도면 쌍송리,경기도 화성시 만세구 마도면 쌍송리,1611,1611,True,already_present,
4159033025,4159131025,경기도 화성시 마도면 청원리,경기도 화성시 만세구 마도면 청원리,3763,3763,True,already_present,
4159033026,4159131026,경기도 화성시 마도면 슬항리,경기도 화성시 만세구 마도면 슬항리,674,674,True,already_present,
4159033027,4159131027,경기도 화성시 마도면 해문리,경기도 화성시 만세구 마도면 해문리,1135,1135,True,already_present,
4159033028,4159131028,경기도 화성시 마도면 백곡리,경기도 화성시 만세구 마도면 백곡리,740,740,True,already_present,
4159033029,4159131029,경기도 화성시 마도면 금당리,경기도 화성시 만세구 마도면 금당리,1276,1276,True,already_present,
4159033030,4159131030,경기도 화성시 마도면 고모리,경기도 화성시 만세구 마도면 고모리,1114,1114,True,already_present,
4159034021,4159132021,경기도 화성시 송산면 사강리,경기도 화성시 만세구 송산면 사강리,3288,3288,True,already_present,
4159034022,4159132022,경기도 화성시 송산면 봉가리,경기도 화성시 만세구 송산면 봉가리,1391,1391,True,already_present,
4159034023,4159132023,경기도 화성시 송산면 삼존리,경기도 화성시 만세구 송산면 삼존리,1863,1863,True,already_present,
4159034024,4159132024,경기도 화성시 송산면 용포리,경기도 화성시 만세구 송산면 용포리,1499,1499,True,already_present,
4159034025,4159132025,경기도 화성시 송산면 고정리,경기도 화성시 만세구 송산면 고정리,1951,1951,True,already_present,
4159034026,4159132026,경기도 화성시 송산면 쌍정리,경기도 화성시 만세구 송산면 쌍정리,2683,2683,True,already_present,
4159034027,4159132027,경기도 화성시 송산면 천등리,경기도 화성시 만세구 송산면 천등리,876,876,True,already_present,
4159034028,4159132028,경기도 화성시 송산면 신천리,경기도 화성시 만세구 송산면 신천리,983,983,True,already_present,
4159034029,4159132029,경기도 화성시 송산면 독지리,경기도 화성시 만세구 송산면 독지리,3358,3358,True,already_present,
4159034030,4159132030,경기도 화성시 송산면 마산리,경기도 화성시 만세구 송산면 마산리,2937,2937,True,already_present,
4159034031,4159132031,경기도 화성시 송산면 고포리,경기도 화성시 만세구 송산면 고포리,3304,3304,True,already_present,
4159034032,4159132032,경기도 화성시 송산면 지화리,경기도 화성시 만세구 송산면 지화리,2387,2387,True,already_present,
4159034033,4159132033,경기도 화성시 송산면 중송리,경기도 화성시 만세구 송산면 중송리,2315,2315,True,already_present,
4159034034,4159132034,경기도 화성시 송산면 육일리,경기도 화성시 만세구 송산면 육일리,1243,1243,True,already_present,
4159034035,4159132035,경기도 화성시 송산면 칠곡리,경기도 화성시 만세구 송산면 칠곡리,1352,1352,True,already_present,
4159035021,4159133021,경기도 화성시 서신면 전곡리,경기도 화성시 만세구 서신면 전곡리,1612,1612,True,already_present,
4159035022,4159133022,경기도 화성시 서신면 상안리,경기도 화성시 만세구 서신면 상안리,1169,1169,True,already_present,
4159035023,4159133023,경기도 화성시 서신면 광평리,경기도 화성시 만세구 서신면 광평리,806,806,True,already_present,
4159035024,4159133024,경기도 화성시 서신면 장외리,경기도 화성시 만세구 서신면 장외리,1584,1584,True,already_present,
4159035025,4159133025,경기도 화성시 서신면 송교리,경기도 화성시 만세구 서신면 송교리,2154,2154,True,already_present,
4159035026,4159133026,경기도 화성시 서신면 제부리,경기도 화성시 만세구 서신면 제부리,606,606,True,already_present,
4159035027,4159133027,경기도 화성시 서신면 홍법리,경기도 화성시 만세구 서신면 홍법리,1265,1265,True,already_present,
4159035029,4159133028,경기도 화성시 서신면 매화리,경기도 화성시 만세구 서신면 매화리,1884,1884,True,already_present,
4159035030,4159133029,경기도 화성시 서신면 용두리,경기도 화성시 만세구 서신면 용두리,1114,1114,True,already_present,
4159035031,4159133030,경기도 화성시 서신면 궁평리,경기도 화성시 만세구 서신면 궁평리,1844,1844,True,already_present,
4159035032,4159133031,경기도 화성시 서신면 백미리,경기도 화성시 만세구 서신면 백미리,1191,1191,True,already_present,
4159035033,4159133032,경기도 화성시 서신면 사곶리,경기도 화성시 만세구 서신면 사곶리,762,762,True,already_present,
4159036021,4159134021,경기도 화성시 팔탄면 하저리,경기도 화성시 만세구 팔탄면 하저리,1121,1121,True,already_present,
4159036022,4159134022,경기도 화성시 팔탄면 창곡리,경기도 화성시 만세구 팔탄면 창곡리,1157,1157,True,already_present,
4159036023,4159134023,경기도 화성시 팔탄면 기천리,경기도 화성시 만세구 팔탄면 기천리,1741,1741,True,already_present,
4159036024,4159134024,경기도 화성시 팔탄면 가재리,경기도 화성시 만세구 팔탄면 가재리,1385,1385,True,already_present,
4159036025,4159134025,경기도 화성시 팔탄면 구장리,경기도 화성시 만세구 팔탄면 구장리,2040,2040,True,already_present,
4159036026,4159134026,경기도 화성시 팔탄면 율암리,경기도 화성시 만세구 팔탄면 율암리,2957,2957,True,already_present,
4159036027,4159134027,경기도 화성시 팔탄면 노하리,경기도 화성시 만세구 팔탄면 노하리,1564,1564,True,already_present,
4159036028,4159134028,경기도 화성시 팔탄면 덕천리,경기도 화성시 만세구 팔탄면 덕천리,898,898,True,already_present,
4159036029,4159134029,경기도 화성시 팔탄면 지월리,경기도 화성시 만세구 팔탄면 지월리,518,518,True,already_present,
4159036030,4159134030,경기도 화성시 팔탄면 덕우리,경기도 화성시 만세구 팔탄면 덕우리,1788,1788,True,already_present,
4159036031,4159134031,경기도 화성시 팔탄면 서근리,경기도 화성시 만세구 팔탄면 서근리,2224,2224,True,already_present,
4159036032,4159134032,경기도 화성시 팔탄면 월문리,경기도 화성시 만세구 팔탄면 월문리,1038,1038,True,already_present,
4159036033,4159134033,경기도 화성시 팔탄면 화당리,경기도 화성시 만세구 팔탄면 화당리,1081,1081,True,already_present,
4159036034,4159134034,경기도 화성시 팔탄면 고주리,경기도 화성시 만세구 팔탄면 고주리,913,913,True,already_present,
4159036035,4159134035,경기도 화성시 팔탄면 매곡리,경기도 화성시 만세구 팔탄면 매곡리,182,182,True,already_present,
4159036036,4159134036,경기도 화성시 팔탄면 해창리,경기도 화성시 만세구 팔탄면 해창리,908,908,True,already_present,
4159037021,4159135021,경기도 화성시 장안면 어은리,경기도 화성시 만세구 장안면 어은리,1826,1826,True,already_present,
4159037022,4159135022,경기도 화성시 장안면 석포리,경기도 화성시 만세구 장안면 석포리,6285,6285,True,already_present,
4159037023,4159135023,경기도 화성시 장안면 수촌리,경기도 화성시 만세구 장안면 수촌리,5702,5702,True,already_present,
4159037024,4159135024,경기도 화성시 장안면 독정리,경기도 화성시 만세구 장안면 독정리,3824,3824,True,already_present,
4159037025,4159135025,경기도 화성시 장안면 장안리,경기도 화성시 만세구 장안면 장안리,2583,2583,True,already_present,
4159037026,4159135026,경기도 화성시 장안면 덕다리,경기도 화성시 만세구 장안면 덕다리,849,849,True,already_present,
4159037027,4159135027,경기도 화성시 장안면 사랑리,경기도 화성시 만세구 장안면 사랑리,1491,1491,True,already_present,
4159037028,4159135028,경기도 화성시 장안면 금의리,경기도 화성시 만세구 장안면 금의리,1787,1787,True,already_present,
4159037029,4159135029,경기도 화성시 장안면 사곡리,경기도 화성시 만세구 장안면 사곡리,2175,2175,True,already_present,
4159037030,4159135030,경기도 화성시 장안면 노진리,경기도 화성시 만세구 장안면 노진리,1383,1383,True,already_present,
4159040021,4159136021,경기도 화성시 양감면 신왕리,경기도 화성시 만세구 양감면 신왕리,1682,1682,True,already_present,
4159040022,4159136022,경기도 화성시 양감면 사창리,경기도 화성시 만세구 양감면 사창리,3681,3681,True,already_present,
4159040023,4159136023,경기도 화성시 양감면 정문리,경기도 화성시 만세구 양감면 정문리,1176,1176,True,already_present,
4159040024,4159136024,경기도 화성시 양감면 송산리,경기도 화성시 만세구 양감면 송산리,1534,1534,True,already_present,
4159040025,4159136025,경기도 화성시 양감면 용소리,경기도 화성시 만세구 양감면 용소리,1299,1299,True,already_present,
4159040026,4159136026,경기도 화성시 양감면 요당리,경기도 화성시 만세구 양감면 요당리,1275,1275,True,already_present,
4159040027,4159136027,경기도 화성시 양감면 대양리,경기도 화성시 만세구 양감면 대양리,1816,1816,True,already_present,
4159041021,4159333021,경기도 화성시 정남면 발산리,경기도 화성시 효행구 정남면 발산리,381,381,True,already_present,
4159041022,4159333022,경기도 화성시 정남면 괘랑리,경기도 화성시 효행구 정남면 괘랑리,1337,1337,True,already_present,
4159041023,4159333023,경기도 화성시 정남면 보통리,경기도 화성시 효행구 정남면 보통리,1353,1353,True,already_present,
4159041024,4159333024,경기도 화성시 정남면 관항리,경기도 화성시 효행구 정남면 관항리,688,688,True,already_present,
4159041025,4159333025,경기도 화성시 정남면 오일리,경기도 화성시 효행구 정남면 오일리,463,463,True,already_present,
4159041026,4159333026,경기도 화성시 정남면 백리,경기도 화성시 효행구 정남면 백리,1394,1394,True,already_present,
4159041027,4159333027,경기도 화성시 정남면 문학리,경기도 화성시 효행구 정남면 문학리,2217,2217,True,already_present,
4159041028,4159333028,경기도 화성시 정남면 신리,경기도 화성시 효행구 정남면 신리,488,488,True,already_present,
4159041029,4159333029,경기도 화성시 정남면 계향리,경기도 화성시 효행구 정남면 계향리,870,870,True,already_present,
4159041030,4159333030,경기도 화성시 정남면 귀래리,경기도 화성시 효행구 정남면 귀래리,2935,2935,True,already_present,
4159041031,4159333031,경기도 화성시 정남면 제기리,경기도 화성시 효행구 정남면 제기리,494,494,True,already_present,
4159041032,4159333032,경기도 화성시 정남면 덕절리,경기도 화성시 효행구 정남면 덕절리,1677,1677,True,already_present,
4159041033,4159333033,경기도 화성시 정남면 음양리,경기도 화성시 효행구 정남면 음양리,503,503,True,already_present,
4159041034,4159333034,경기도 화성시 정남면 망월리,경기도 화성시 효행구 정남면 망월리,419,419,True,already_present,
4159041035,4159333035,경기도 화성시 정남면 수면리,경기도 화성시 효행구 정남면 수면리,674,674,True,already_present,
4159041036,4159333036,경기도 화성시 정남면 내리,경기도 화성시 효행구 정남면 내리,342,342,True,already_present,
4159041037,4159333037,경기도 화성시 정남면 금복리,경기도 화성시 효행구 정남면 금복리,193,193,True,already_present,
4159041038,4159333038,경기도 화성시 정남면 고지리,경기도 화성시 효행구 정남면 고지리,414,414,True,already_present,
4159041039,4159333039,경기도 화성시 정남면 용수리,경기도 화성시 효행구 정남면 용수리,447,447,True,already_present,
4377034021,4377025621,충청북도 음성군 대소면 오산리,충청북도 음성군 대소읍 오산리,78,78,True,already_present,
4377034022,4377025622,충청북도 음성군 대소면 태생리,충청북도 음성군 대소읍 태생리,237,237,True,already_present,
4377034023,4377025623,충청북도 음성군 대소면 소석리,충청북도 음성군 대소읍 소석리,214,214,True,already_present,
4377034024,4377025624,충청북도 음성군 대소면 성본리,충청북도 음성군 대소읍 성본리,389,389,True,already_present,
4377034025,4377025625,충청북도 음성군 대소면 부윤리,충청북도 음성군 대소읍 부윤리,296,296,True,already_present,
4377034026,4377025626,충청북도 음성군 대소면 수태리,충청북도 음성군 대소읍 수태리,220,220,True,already_present,대소면→대소읍 수태리 (UI GIS/통계 충돌 사례)
4377034027,4377025627,충청북도 음성군 대소면 삼정리,충청북도 음성군 대소읍 삼정리,311,311,True,already_present,
4377034028,4377025628,충청북도 음성군 대소면 미곡리,충청북도 음성군 대소읍 미곡리,315,315,True,already_present,
4377034029,4377025629,충청북도 음성군 대소면 삼호리,충청북도 음성군 대소읍 삼호리,78,78,True,already_present,
4377034030,4377025630,충청북도 음성군 대소면 내산리,충청북도 음성군 대소읍 내산리,155,155,True,already_present,
4377034031,4377025631,충청북도 음성군 대소면 오류리,충청북도 음성군 대소읍 오류리,264,264,True,already_present,
4377034032,4377025632,충청북도 음성군 대소면 대풍리,충청북도 음성군 대소읍 대풍리,219,219,True,already_present,
