change_type,historical_code,historical_name,historical_status,canonical_code,canonical_name,canonical_candidates,rationale,in_region_codes,region_codes_active,region_codes_eup_name,tx_count_historical,tx_count_canonical,stats_v2_historical,stats_v2_canonical,exemplar,notes
code_reissue,4146136021,경기도 용인시 처인구 양지면 양지리,폐지,4146126221,경기도 용인시 처인구 양지읍 양지리,4146126221|경기도 용인시 처인구 양지읍 양지리,"면↔읍 승격 1:1 — '양지면'→'양지읍', 리명 '양지리' 동일, 코드 4146136021→4146126221",True,True,양지면,869,0,1199,0,,
code_reissue,4146136022,경기도 용인시 처인구 양지면 남곡리,폐지,4146126222,경기도 용인시 처인구 양지읍 남곡리,4146126222|경기도 용인시 처인구 양지읍 남곡리,"면↔읍 승격 1:1 — '양지면'→'양지읍', 리명 '남곡리' 동일, 코드 4146136022→4146126222",True,True,양지면,495,0,906,0,,
code_reissue,4146136023,경기도 용인시 처인구 양지면 평창리,폐지,4146126223,경기도 용인시 처인구 양지읍 평창리,4146126223|경기도 용인시 처인구 양지읍 평창리,"면↔읍 승격 1:1 — '양지면'→'양지읍', 리명 '평창리' 동일, 코드 4146136023→4146126223",True,True,양지면,1189,0,472,0,,
code_reissue,4146136024,경기도 용인시 처인구 양지면 제일리,폐지,4146126224,경기도 용인시 처인구 양지읍 제일리,4146126224|경기도 용인시 처인구 양지읍 제일리,"면↔읍 승격 1:1 — '양지면'→'양지읍', 리명 '제일리' 동일, 코드 4146136024→4146126224",True,True,양지면,819,0,645,0,,
code_reissue,4146136025,경기도 용인시 처인구 양지면 추계리,폐지,4146126225,경기도 용인시 처인구 양지읍 추계리,4146126225|경기도 용인시 처인구 양지읍 추계리,"면↔읍 승격 1:1 — '양지면'→'양지읍', 리명 '추계리' 동일, 코드 4146136025→4146126225",True,True,양지면,456,0,318,0,,
code_reissue,4146136026,경기도 용인시 처인구 양지면 식금리,폐지,4146126226,경기도 용인시 처인구 양지읍 식금리,4146126226|경기도 용인시 처인구 양지읍 식금리,"면↔읍 승격 1:1 — '양지면'→'양지읍', 리명 '식금리' 동일, 코드 4146136026→4146126226",True,True,양지면,250,0,182,0,,
code_reissue,4146136027,경기도 용인시 처인구 양지면 정수리,폐지,4146126227,경기도 용인시 처인구 양지읍 정수리,4146126227|경기도 용인시 처인구 양지읍 정수리,"면↔읍 승격 1:1 — '양지면'→'양지읍', 리명 '정수리' 동일, 코드 4146136027→4146126227",True,True,양지면,134,0,296,0,,
code_reissue,4146136028,경기도 용인시 처인구 양지면 대대리,폐지,4146126228,경기도 용인시 처인구 양지읍 대대리,4146126228|경기도 용인시 처인구 양지읍 대대리,"면↔읍 승격 1:1 — '양지면'→'양지읍', 리명 '대대리' 동일, 코드 4146136028→4146126228",True,True,양지면,1072,0,559,0,,
code_reissue,4146136029,경기도 용인시 처인구 양지면 주북리,폐지,4146126229,경기도 용인시 처인구 양지읍 주북리,4146126229|경기도 용인시 처인구 양지읍 주북리,"면↔읍 승격 1:1 — '양지면'→'양지읍', 리명 '주북리' 동일, 코드 4146136029→4146126229",True,True,양지면,1197,0,899,0,,
code_reissue,4146136030,경기도 용인시 처인구 양지면 송문리,폐지,4146126230,경기도 용인시 처인구 양지읍 송문리,4146126230|경기도 용인시 처인구 양지읍 송문리,"면↔읍 승격 1:1 — '양지면'→'양지읍', 리명 '송문리' 동일, 코드 4146136030→4146126230",True,True,양지면,425,0,537,0,,
code_reissue,4159025321,경기도 화성시 봉담읍 상리,폐지,4159325021,경기도 화성시 효행구 봉담읍 상리,4159325021|경기도 화성시 효행구 봉담읍 상리,"분구·시군구코드 재부여 1:1 (cross_sg_eup) — 읍면동·리명 동일 ('봉담읍' '상리'), 시군구 41590→41593, 코드 4159025321→4159325021",True,True,봉담읍,1272,0,875,0,,
code_reissue,4159025322,경기도 화성시 봉담읍 내리,폐지,4159325022,경기도 화성시 효행구 봉담읍 내리,4159325022|경기도 화성시 효행구 봉담읍 내리,"분구·시군구코드 재부여 1:1 (cross_sg_eup) — 읍면동·리명 동일 ('봉담읍' '내리'), 시군구 41590→41593, 코드 4159025322→4159325022",True,True,봉담읍,1145,0,396,0,,
code_reissue,4159025323,경기도 화성시 봉담읍 수영리,폐지,4159325023,경기도 화성시 효행구 봉담읍 수영리,4159325023|경기도 화성시 효행구 봉담읍 수영리,"분구·시군구코드 재부여 1:1 (cross_sg_eup) — 읍면동·리명 동일 ('봉담읍' '수영리'), 시군구 41590→41593, 코드 4159025323→4159325023",True,True,봉담읍,538,0,395,0,,
code_reissue,4159025324,경기도 화성시 봉담읍 동화리,폐지,4159325024,경기도 화성시 효행구 봉담읍 동화리,4159325024|경기도 화성시 효행구 봉담읍 동화리,"분구·시군구코드 재부여 1:1 (cross_sg_eup) — 읍면동·리명 동일 ('봉담읍' '동화리'), 시군구 41590→41593, 코드 4159025324→4159325024",True,True,봉담읍,762,0,555,0,,
code_reissue,4159025325,경기도 화성시 봉담읍 와우리,폐지,4159325025,경기도 화성시 효행구 봉담읍 와우리,4159325025|경기도 화성시 효행구 봉담읍 와우리,"분구·시군구코드 재부여 1:1 (cross_sg_eup) — 읍면동·리명 동일 ('봉담읍' '와우리'), 시군구 41590→41593, 코드 4159025325→4159325025",True,True,봉담읍,980,0,338,0,,
code_reissue,4159025326,경기도 화성시 봉담읍 수기리,폐지,4159325026,경기도 화성시 효행구 봉담읍 수기리,4159325026|경기도 화성시 효행구 봉담읍 수기리,"분구·시군구코드 재부여 1:1 (cross_sg_eup) — 읍면동·리명 동일 ('봉담읍' '수기리'), 시군구 41590→41593, 코드 4159025326→4159325026",True,True,봉담읍,387,0,288,0,,
code_reissue,4159025327,경기도 화성시 봉담읍 분천리,폐지,4159325027,경기도 화성시 효행구 봉담읍 분천리,4159325027|경기도 화성시 효행구 봉담읍 분천리,"분구·시군구코드 재부여 1:1 (cross_sg_eup) — 읍면동·리명 동일 ('봉담읍' '분천리'), 시군구 41590→41593, 코드 4159025327→4159325027",True,True,봉담읍,985,0,453,0,,
code_reissue,4159025328,경기도 화성시 봉담읍 왕림리,폐지,4159325028,경기도 화성시 효행구 봉담읍 왕림리,4159325028|경기도 화성시 효행구 봉담읍 왕림리,"분구·시군구코드 재부여 1:1 (cross_sg_eup) — 읍면동·리명 동일 ('봉담읍' '왕림리'), 시군구 41590→41593, 코드 4159025328→4159325028",True,True,봉담읍,1023,0,332,0,,
code_reissue,4159025329,경기도 화성시 봉담읍 세곡리,폐지,4159325029,경기도 화성시 효행구 봉담읍 세곡리,4159325029|경기도 화성시 효행구 봉담읍 세곡리,"분구·시군구코드 재부여 1:1 (cross_sg_eup) — 읍면동·리명 동일 ('봉담읍' '세곡리'), 시군구 41590→41593, 코드 4159025329→4159325029",True,True,봉담읍,164,0,177,0,,
code_reissue,4159025330,경기도 화성시 봉담읍 당하리,폐지,4159325030,경기도 화성시 효행구 봉담읍 당하리,4159325030|경기도 화성시 효행구 봉담읍 당하리,"분구·시군구코드 재부여 1:1 (cross_sg_eup) — 읍면동·리명 동일 ('봉담읍' '당하리'), 시군구 41590→41593, 코드 4159025330→4159325030",True,True,봉담읍,359,0,290,0,,
code_reissue,4159025331,경기도 화성시 봉담읍 마하리,폐지,4159325031,경기도 화성시 효행구 봉담읍 마하리,4159325031|경기도 화성시 효행구 봉담읍 마하리,"분구·시군구코드 재부여 1:1 (cross_sg_eup) — 읍면동·리명 동일 ('봉담읍' '마하리'), 시군구 41590→41593, 코드 4159025331→4159325031",True,True,봉담읍,300,0,414,0,,
code_reissue,4159025332,경기도 화성시 봉담읍 유리,폐지,4159325032,경기도 화성시 효행구 봉담읍 유리,4159325032|경기도 화성시 효행구 봉담읍 유리,"분구·시군구코드 재부여 1:1 (cross_sg_eup) — 읍면동·리명 동일 ('봉담읍' '유리'), 시군구 41590→41593, 코드 4159025332→4159325032",True,True,봉담읍,219,0,176,0,,
code_reissue,4159025333,경기도 화성시 봉담읍 덕리,폐지,4159325033,경기도 화성시 효행구 봉담읍 덕리,4159325033|경기도 화성시 효행구 봉담읍 덕리,"분구·시군구코드 재부여 1:1 (cross_sg_eup) — 읍면동·리명 동일 ('봉담읍' '덕리'), 시군구 41590→41593, 코드 4159025333→4159325033",True,True,봉담읍,230,0,193,0,,
code_reissue,4159025334,경기도 화성시 봉담읍 덕우리,폐지,4159325034,경기도 화성시 효행구 봉담읍 덕우리,4159325034|경기도 화성시 효행구 봉담읍 덕우리,"분구·시군구코드 재부여 1:1 (cross_sg_eup) — 읍면동·리명 동일 ('봉담읍' '덕우리'), 시군구 41590→41593, 코드 4159025334→4159325034",True,True,봉담읍,642,0,326,0,,
code_reissue,4159025335,경기도 화성시 봉담읍 하가등리,폐지,4159325035,경기도 화성시 효행구 봉담읍 하가등리,4159325035|경기도 화성시 효행구 봉담읍 하가등리,"분구·시군구코드 재부여 1:1 (cross_sg_eup) — 읍면동·리명 동일 ('봉담읍' '하가등리'), 시군구 41590→41593, 코드 4159025335→4159325035",True,True,봉담읍,738,0,241,0,,
code_reissue,4159025336,경기도 화성시 봉담읍 상기리,폐지,4159325036,경기도 화성시 효행구 봉담읍 상기리,4159325036|경기도 화성시 효행구 봉담읍 상기리,"분구·시군구코드 재부여 1:1 (cross_sg_eup) — 읍면동·리명 동일 ('봉담읍' '상기리'), 시군구 41590→41593, 코드 4159025336→4159325036",True,True,봉담읍,1027,0,638,0,,
code_reissue,4159025621,경기도 화성시 우정읍 원안리,폐지,4159125021,경기도 화성시 만세구 우정읍 원안리,4159125021|경기도 화성시 만세구 우정읍 원안리,"분구·시군구코드 재부여 1:1 (cross_sg_eup) — 읍면동·리명 동일 ('우정읍' '원안리'), 시군구 41590→41591, 코드 4159025621→4159125021",True,True,우정읍,1008,0,426,0,,
code_reissue,4159025622,경기도 화성시 우정읍 호곡리,폐지,4159125022,경기도 화성시 만세구 우정읍 호곡리,4159125022|경기도 화성시 만세구 우정읍 호곡리,"분구·시군구코드 재부여 1:1 (cross_sg_eup) — 읍면동·리명 동일 ('우정읍' '호곡리'), 시군구 41590→41591, 코드 4159025622→4159125022",True,True,우정읍,3303,0,657,0,,
code_reissue,4159025623,경기도 화성시 우정읍 운평리,폐지,4159125023,경기도 화성시 만세구 우정읍 운평리,4159125023|경기도 화성시 만세구 우정읍 운평리,"분구·시군구코드 재부여 1:1 (cross_sg_eup) — 읍면동·리명 동일 ('우정읍' '운평리'), 시군구 41590→41591, 코드 4159025623→4159125023",True,True,우정읍,1325,0,476,0,,
code_reissue,4159025624,경기도 화성시 우정읍 한각리,폐지,4159125024,경기도 화성시 만세구 우정읍 한각리,4159125024|경기도 화성시 만세구 우정읍 한각리,"분구·시군구코드 재부여 1:1 (cross_sg_eup) — 읍면동·리명 동일 ('우정읍' '한각리'), 시군구 41590→41591, 코드 4159025624→4159125024",True,True,우정읍,581,0,425,0,,
code_reissue,4159025625,경기도 화성시 우정읍 멱우리,폐지,4159125025,경기도 화성시 만세구 우정읍 멱우리,4159125025|경기도 화성시 만세구 우정읍 멱우리,"분구·시군구코드 재부여 1:1 (cross_sg_eup) — 읍면동·리명 동일 ('우정읍' '멱우리'), 시군구 41590→41591, 코드 4159025625→4159125025",True,True,우정읍,831,0,526,0,,
code_reissue,4159025626,경기도 화성시 우정읍 화수리,폐지,4159125026,경기도 화성시 만세구 우정읍 화수리,4159125026|경기도 화성시 만세구 우정읍 화수리,"분구·시군구코드 재부여 1:1 (cross_sg_eup) — 읍면동·리명 동일 ('우정읍' '화수리'), 시군구 41590→41591, 코드 4159025626→4159125026",True,True,우정읍,1853,0,444,0,,
code_reissue,4159025627,경기도 화성시 우정읍 주곡리,폐지,4159125027,경기도 화성시 만세구 우정읍 주곡리,4159125027|경기도 화성시 만세구 우정읍 주곡리,"분구·시군구코드 재부여 1:1 (cross_sg_eup) — 읍면동·리명 동일 ('우정읍' '주곡리'), 시군구 41590→41591, 코드 4159025627→4159125027",True,True,우정읍,3784,0,676,0,,
code_reissue,4159025628,경기도 화성시 우정읍 이화리,폐지,4159125028,경기도 화성시 만세구 우정읍 이화리,4159125028|경기도 화성시 만세구 우정읍 이화리,"분구·시군구코드 재부여 1:1 (cross_sg_eup) — 읍면동·리명 동일 ('우정읍' '이화리'), 시군구 41590→41591, 코드 4159025628→4159125028",True,True,우정읍,1975,0,631,0,,
code_reissue,4159025629,경기도 화성시 우정읍 석천리,폐지,4159125029,경기도 화성시 만세구 우정읍 석천리,4159125029|경기도 화성시 만세구 우정읍 석천리,"분구·시군구코드 재부여 1:1 (cross_sg_eup) — 읍면동·리명 동일 ('우정읍' '석천리'), 시군구 41590→41591, 코드 4159025629→4159125029",True,True,우정읍,2422,0,316,0,,
code_reissue,4159025630,경기도 화성시 우정읍 매향리,폐지,4159125030,경기도 화성시 만세구 우정읍 매향리,4159125030|경기도 화성시 만세구 우정읍 매향리,"분구·시군구코드 재부여 1:1 (cross_sg_eup) — 읍면동·리명 동일 ('우정읍' '매향리'), 시군구 41590→41591, 코드 4159025630→4159125030",True,True,우정읍,3131,0,366,0,,
code_reissue,4159025631,경기도 화성시 우정읍 화산리,폐지,4159125031,경기도 화성시 만세구 우정읍 화산리,4159125031|경기도 화성시 만세구 우정읍 화산리,"분구·시군구코드 재부여 1:1 (cross_sg_eup) — 읍면동·리명 동일 ('우정읍' '화산리'), 시군구 41590→41591, 코드 4159025631→4159125031",True,True,우정읍,2527,0,639,0,,
code_reissue,4159025632,경기도 화성시 우정읍 조암리,폐지,4159125032,경기도 화성시 만세구 우정읍 조암리,4159125032|경기도 화성시 만세구 우정읍 조암리,"분구·시군구코드 재부여 1:1 (cross_sg_eup) — 읍면동·리명 동일 ('우정읍' '조암리'), 시군구 41590→41591, 코드 4159025632→4159125032",True,True,우정읍,2490,0,832,0,,
code_reissue,4159025633,경기도 화성시 우정읍 국화리,폐지,4159125033,경기도 화성시 만세구 우정읍 국화리,4159125033|경기도 화성시 만세구 우정읍 국화리,"분구·시군구코드 재부여 1:1 (cross_sg_eup) — 읍면동·리명 동일 ('우정읍' '국화리'), 시군구 41590→41591, 코드 4159025633→4159125033",True,True,우정읍,66,0,208,0,,
code_reissue,4159025921,경기도 화성시 향남읍 평리,폐지,4159125321,경기도 화성시 만세구 향남읍 평리,4159125321|경기도 화성시 만세구 향남읍 평리,"분구·시군구코드 재부여 1:1 (cross_sg_eup) — 읍면동·리명 동일 ('향남읍' '평리'), 시군구 41590→41591, 코드 4159025921→4159125321",True,True,향남읍,1140,0,350,0,,
code_reissue,4159025922,경기도 화성시 향남읍 발안리,폐지,4159125322,경기도 화성시 만세구 향남읍 발안리,4159125322|경기도 화성시 만세구 향남읍 발안리,"분구·시군구코드 재부여 1:1 (cross_sg_eup) — 읍면동·리명 동일 ('향남읍' '발안리'), 시군구 41590→41591, 코드 4159025922→4159125322",True,True,향남읍,306,0,310,0,,
code_reissue,4159025923,경기도 화성시 향남읍 제암리,폐지,4159125323,경기도 화성시 만세구 향남읍 제암리,4159125323|경기도 화성시 만세구 향남읍 제암리,"분구·시군구코드 재부여 1:1 (cross_sg_eup) — 읍면동·리명 동일 ('향남읍' '제암리'), 시군구 41590→41591, 코드 4159025923→4159125323",True,True,향남읍,1035,0,297,0,,
code_reissue,4159025924,경기도 화성시 향남읍 상신리,폐지,4159125324,경기도 화성시 만세구 향남읍 상신리,4159125324|경기도 화성시 만세구 향남읍 상신리,"분구·시군구코드 재부여 1:1 (cross_sg_eup) — 읍면동·리명 동일 ('향남읍' '상신리'), 시군구 41590→41591, 코드 4159025924→4159125324",True,True,향남읍,3912,0,1076,0,,
code_reissue,4159025925,경기도 화성시 향남읍 구문천리,폐지,4159125325,경기도 화성시 만세구 향남읍 구문천리,4159125325|경기도 화성시 만세구 향남읍 구문천리,"분구·시군구코드 재부여 1:1 (cross_sg_eup) — 읍면동·리명 동일 ('향남읍' '구문천리'), 시군구 41590→41591, 코드 4159025925→4159125325",True,True,향남읍,2734,0,667,0,,
code_reissue,4159025926,경기도 화성시 향남읍 하길리,폐지,4159125326,경기도 화성시 만세구 향남읍 하길리,4159125326|경기도 화성시 만세구 향남읍 하길리,"분구·시군구코드 재부여 1:1 (cross_sg_eup) — 읍면동·리명 동일 ('향남읍' '하길리'), 시군구 41590→41591, 코드 4159025926→4159125326",True,True,향남읍,4880,0,930,0,,
code_reissue,4159025927,경기도 화성시 향남읍 화리현리,폐지,4159125327,경기도 화성시 만세구 향남읍 화리현리,4159125327|경기도 화성시 만세구 향남읍 화리현리,"분구·시군구코드 재부여 1:1 (cross_sg_eup) — 읍면동·리명 동일 ('향남읍' '화리현리'), 시군구 41590→41591, 코드 4159025927→4159125327",True,True,향남읍,2296,0,563,0,,
code_reissue,4159025928,경기도 화성시 향남읍 상두리,폐지,4159125328,경기도 화성시 만세구 향남읍 상두리,4159125328|경기도 화성시 만세구 향남읍 상두리,"분구·시군구코드 재부여 1:1 (cross_sg_eup) — 읍면동·리명 동일 ('향남읍' '상두리'), 시군구 41590→41591, 코드 4159025928→4159125328",True,True,향남읍,941,0,352,0,,
code_reissue,4159025929,경기도 화성시 향남읍 백토리,폐지,4159125329,경기도 화성시 만세구 향남읍 백토리,4159125329|경기도 화성시 만세구 향남읍 백토리,"분구·시군구코드 재부여 1:1 (cross_sg_eup) — 읍면동·리명 동일 ('향남읍' '백토리'), 시군구 41590→41591, 코드 4159025929→4159125329",True,True,향남읍,1163,0,305,0,,
code_reissue,4159025930,경기도 화성시 향남읍 길성리,폐지,4159125330,경기도 화성시 만세구 향남읍 길성리,4159125330|경기도 화성시 만세구 향남읍 길성리,"분구·시군구코드 재부여 1:1 (cross_sg_eup) — 읍면동·리명 동일 ('향남읍' '길성리'), 시군구 41590→41591, 코드 4159025930→4159125330",True,True,향남읍,1648,0,406,0,,
code_reissue,4159025931,경기도 화성시 향남읍 요리,폐지,4159125331,경기도 화성시 만세구 향남읍 요리,4159125331|경기도 화성시 만세구 향남읍 요리,"분구·시군구코드 재부여 1:1 (cross_sg_eup) — 읍면동·리명 동일 ('향남읍' '요리'), 시군구 41590→41591, 코드 4159025931→4159125331",True,True,향남읍,757,0,266,0,,
code_reissue,4159025932,경기도 화성시 향남읍 수직리,폐지,4159125332,경기도 화성시 만세구 향남읍 수직리,4159125332|경기도 화성시 만세구 향남읍 수직리,"분구·시군구코드 재부여 1:1 (cross_sg_eup) — 읍면동·리명 동일 ('향남읍' '수직리'), 시군구 41590→41591, 코드 4159025932→4159125332",True,True,향남읍,652,0,228,0,,
code_reissue,4159025933,경기도 화성시 향남읍 갈천리,폐지,4159125333,경기도 화성시 만세구 향남읍 갈천리,4159125333|경기도 화성시 만세구 향남읍 갈천리,"분구·시군구코드 재부여 1:1 (cross_sg_eup) — 읍면동·리명 동일 ('향남읍' '갈천리'), 시군구 41590→41591, 코드 4159025933→4159125333",True,True,향남읍,416,0,215,0,,
code_reissue,4159025934,경기도 화성시 향남읍 증거리,폐지,4159125334,경기도 화성시 만세구 향남읍 증거리,4159125334|경기도 화성시 만세구 향남읍 증거리,"분구·시군구코드 재부여 1:1 (cross_sg_eup) — 읍면동·리명 동일 ('향남읍' '증거리'), 시군구 41590→41591, 코드 4159025934→4159125334",True,True,향남읍,1650,0,384,0,,
code_reissue,4159025935,경기도 화성시 향남읍 송곡리,폐지,4159125335,경기도 화성시 만세구 향남읍 송곡리,4159125335|경기도 화성시 만세구 향남읍 송곡리,"분구·시군구코드 재부여 1:1 (cross_sg_eup) — 읍면동·리명 동일 ('향남읍' '송곡리'), 시군구 41590→41591, 코드 4159025935→4159125335",True,True,향남읍,1513,0,276,0,,
code_reissue,4159025936,경기도 화성시 향남읍 동오리,폐지,4159125336,경기도 화성시 만세구 향남읍 동오리,4159125336|경기도 화성시 만세구 향남읍 동오리,"분구·시군구코드 재부여 1:1 (cross_sg_eup) — 읍면동·리명 동일 ('향남읍' '동오리'), 시군구 41590→41591, 코드 4159025936→4159125336",True,True,향남읍,4068,0,515,0,,
code_reissue,4159025937,경기도 화성시 향남읍 관리,폐지,4159125337,경기도 화성시 만세구 향남읍 관리,4159125337|경기도 화성시 만세구 향남읍 관리,"분구·시군구코드 재부여 1:1 (cross_sg_eup) — 읍면동·리명 동일 ('향남읍' '관리'), 시군구 41590→41591, 코드 4159025937→4159125337",True,True,향남읍,598,0,312,0,,
code_reissue,4159025938,경기도 화성시 향남읍 도이리,폐지,4159125338,경기도 화성시 만세구 향남읍 도이리,4159125338|경기도 화성시 만세구 향남읍 도이리,"분구·시군구코드 재부여 1:1 (cross_sg_eup) — 읍면동·리명 동일 ('향남읍' '도이리'), 시군구 41590→41591, 코드 4159025938→4159125338",True,True,향남읍,1749,0,613,0,,
code_reissue,4159025939,경기도 화성시 향남읍 행정리,폐지,4159125339,경기도 화성시 만세구 향남읍 행정리,4159125339|경기도 화성시 만세구 향남읍 행정리,"분구·시군구코드 재부여 1:1 (cross_sg_eup) — 읍면동·리명 동일 ('향남읍' '행정리'), 시군구 41590→41591, 코드 4159025939→4159125339",True,True,향남읍,879,0,337,0,,
code_reissue,4159025940,경기도 화성시 향남읍 방축리,폐지,4159125340,경기도 화성시 만세구 향남읍 방축리,4159125340|경기도 화성시 만세구 향남읍 방축리,"분구·시군구코드 재부여 1:1 (cross_sg_eup) — 읍면동·리명 동일 ('향남읍' '방축리'), 시군구 41590→41591, 코드 4159025940→4159125340",True,True,향남읍,4237,0,301,0,,
code_reissue,4159025941,경기도 화성시 향남읍 장짐리,폐지,4159125341,경기도 화성시 만세구 향남읍 장짐리,4159125341|경기도 화성시 만세구 향남읍 장짐리,"분구·시군구코드 재부여 1:1 (cross_sg_eup) — 읍면동·리명 동일 ('향남읍' '장짐리'), 시군구 41590→41591, 코드 4159025941→4159125341",True,True,향남읍,1084,0,341,0,,
code_reissue,4159026221,경기도 화성시 남양읍 남양리,폐지,4159125621,경기도 화성시 만세구 남양읍 남양리,4159125621|경기도 화성시 만세구 남양읍 남양리,"분구·시군구코드 재부여 1:1 (cross_sg_eup) — 읍면동·리명 동일 ('남양읍' '남양리'), 시군구 41590→41591, 코드 4159026221→4159125621",True,True,남양읍,5102,0,1125,0,,
code_reissue,4159026222,경기도 화성시 남양읍 신남리,폐지,4159125622,경기도 화성시 만세구 남양읍 신남리,4159125622|경기도 화성시 만세구 남양읍 신남리,"분구·시군구코드 재부여 1:1 (cross_sg_eup) — 읍면동·리명 동일 ('남양읍' '신남리'), 시군구 41590→41591, 코드 4159026222→4159125622",True,True,남양읍,3247,0,817,0,,
code_reissue,4159026223,경기도 화성시 남양읍 장덕리,폐지,4159125623,경기도 화성시 만세구 남양읍 장덕리,4159125623|경기도 화성시 만세구 남양읍 장덕리,"분구·시군구코드 재부여 1:1 (cross_sg_eup) — 읍면동·리명 동일 ('남양읍' '장덕리'), 시군구 41590→41591, 코드 4159026223→4159125623",True,True,남양읍,2424,0,558,0,,
code_reissue,4159026224,경기도 화성시 남양읍 안석리,폐지,4159125624,경기도 화성시 만세구 남양읍 안석리,4159125624|경기도 화성시 만세구 남양읍 안석리,"분구·시군구코드 재부여 1:1 (cross_sg_eup) — 읍면동·리명 동일 ('남양읍' '안석리'), 시군구 41590→41591, 코드 4159026224→4159125624",True,True,남양읍,1339,0,468,0,,
code_reissue,4159026225,경기도 화성시 남양읍 활초리,폐지,4159125625,경기도 화성시 만세구 남양읍 활초리,4159125625|경기도 화성시 만세구 남양읍 활초리,"분구·시군구코드 재부여 1:1 (cross_sg_eup) — 읍면동·리명 동일 ('남양읍' '활초리'), 시군구 41590→41591, 코드 4159026225→4159125625",True,True,남양읍,2452,0,424,0,,
code_reissue,4159026226,경기도 화성시 남양읍 온석리,폐지,4159125626,경기도 화성시 만세구 남양읍 온석리,4159125626|경기도 화성시 만세구 남양읍 온석리,"분구·시군구코드 재부여 1:1 (cross_sg_eup) — 읍면동·리명 동일 ('남양읍' '온석리'), 시군구 41590→41591, 코드 4159026226→4159125626",True,True,남양읍,1602,0,467,0,,
code_reissue,4159026227,경기도 화성시 남양읍 무송리,폐지,4159125627,경기도 화성시 만세구 남양읍 무송리,4159125627|경기도 화성시 만세구 남양읍 무송리,"분구·시군구코드 재부여 1:1 (cross_sg_eup) — 읍면동·리명 동일 ('남양읍' '무송리'), 시군구 41590→41591, 코드 4159026227→4159125627",True,True,남양읍,1764,0,444,0,,
code_reissue,4159026228,경기도 화성시 남양읍 북양리,폐지,4159125628,경기도 화성시 만세구 남양읍 북양리,4159125628|경기도 화성시 만세구 남양읍 북양리,"분구·시군구코드 재부여 1:1 (cross_sg_eup) — 읍면동·리명 동일 ('남양읍' '북양리'), 시군구 41590→41591, 코드 4159026228→4159125628",True,True,남양읍,2547,0,820,0,,
code_reissue,4159026229,경기도 화성시 남양읍 송림리,폐지,4159125629,경기도 화성시 만세구 남양읍 송림리,4159125629|경기도 화성시 만세구 남양읍 송림리,"분구·시군구코드 재부여 1:1 (cross_sg_eup) — 읍면동·리명 동일 ('남양읍' '송림리'), 시군구 41590→41591, 코드 4159026229→4159125629",True,True,남양읍,949,0,445,0,,
code_reissue,4159026230,경기도 화성시 남양읍 수화리,폐지,4159125630,경기도 화성시 만세구 남양읍 수화리,4159125630|경기도 화성시 만세구 남양읍 수화리,"분구·시군구코드 재부여 1:1 (cross_sg_eup) — 읍면동·리명 동일 ('남양읍' '수화리'), 시군구 41590→41591, 코드 4159026230→4159125630",True,True,남양읍,1401,0,319,0,,
code_reissue,4159026231,경기도 화성시 남양읍 장전리,폐지,4159125631,경기도 화성시 만세구 남양읍 장전리,4159125631|경기도 화성시 만세구 남양읍 장전리,"분구·시군구코드 재부여 1:1 (cross_sg_eup) — 읍면동·리명 동일 ('남양읍' '장전리'), 시군구 41590→41591, 코드 4159026231→4159125631",True,True,남양읍,2565,0,386,0,,
code_reissue,4159026232,경기도 화성시 남양읍 신외리,폐지,4159125632,경기도 화성시 만세구 남양읍 신외리,4159125632|경기도 화성시 만세구 남양읍 신외리,"분구·시군구코드 재부여 1:1 (cross_sg_eup) — 읍면동·리명 동일 ('남양읍' '신외리'), 시군구 41590→41591, 코드 4159026232→4159125632",True,True,남양읍,1145,0,371,0,,
code_reissue,4159026233,경기도 화성시 남양읍 문호리,폐지,4159125633,경기도 화성시 만세구 남양읍 문호리,4159125633|경기도 화성시 만세구 남양읍 문호리,"분구·시군구코드 재부여 1:1 (cross_sg_eup) — 읍면동·리명 동일 ('남양읍' '문호리'), 시군구 41590→41591, 코드 4159026233→4159125633",True,True,남양읍,4179,0,240,0,,
code_reissue,4159026234,경기도 화성시 남양읍 시리,폐지,4159125634,경기도 화성시 만세구 남양읍 시리,4159125634|경기도 화성시 만세구 남양읍 시리,"분구·시군구코드 재부여 1:1 (cross_sg_eup) — 읍면동·리명 동일 ('남양읍' '시리'), 시군구 41590→41591, 코드 4159026234→4159125634",True,True,남양읍,2268,0,436,0,,
code_reissue,4159026235,경기도 화성시 남양읍 원천리,폐지,4159125635,경기도 화성시 만세구 남양읍 원천리,4159125635|경기도 화성시 만세구 남양읍 원천리,"분구·시군구코드 재부여 1:1 (cross_sg_eup) — 읍면동·리명 동일 ('남양읍' '원천리'), 시군구 41590→41591, 코드 4159026235→4159125635",True,True,남양읍,1465,0,391,0,,
code_reissue,4159031021,경기도 화성시 매송면 천천리,폐지,4159331021,경기도 화성시 효행구 매송면 천천리,4159331021|경기도 화성시 효행구 매송면 천천리,"분구·시군구코드 재부여 1:1 (cross_sg_eup) — 읍면동·리명 동일 ('매송면' '천천리'), 시군구 41590→41593, 코드 4159031021→4159331021",True,True,매송면,754,0,415,0,,
code_reissue,4159031022,경기도 화성시 매송면 원평리,폐지,4159331022,경기도 화성시 효행구 매송면 원평리,4159331022|경기도 화성시 효행구 매송면 원평리,"분구·시군구코드 재부여 1:1 (cross_sg_eup) — 읍면동·리명 동일 ('매송면' '원평리'), 시군구 41590→41593, 코드 4159031022→4159331022",True,True,매송면,953,0,464,0,,
code_reissue,4159031023,경기도 화성시 매송면 어천리,폐지,4159331023,경기도 화성시 효행구 매송면 어천리,4159331023|경기도 화성시 효행구 매송면 어천리,"분구·시군구코드 재부여 1:1 (cross_sg_eup) — 읍면동·리명 동일 ('매송면' '어천리'), 시군구 41590→41593, 코드 4159031023→4159331023",True,True,매송면,639,0,367,0,,
code_reissue,4159031024,경기도 화성시 매송면 숙곡리,폐지,4159331024,경기도 화성시 효행구 매송면 숙곡리,4159331024|경기도 화성시 효행구 매송면 숙곡리,"분구·시군구코드 재부여 1:1 (cross_sg_eup) — 읍면동·리명 동일 ('매송면' '숙곡리'), 시군구 41590→41593, 코드 4159031024→4159331024",True,True,매송면,1219,0,510,0,,
code_reissue,4159031025,경기도 화성시 매송면 야목리,폐지,4159331025,경기도 화성시 효행구 매송면 야목리,4159331025|경기도 화성시 효행구 매송면 야목리,"분구·시군구코드 재부여 1:1 (cross_sg_eup) — 읍면동·리명 동일 ('매송면' '야목리'), 시군구 41590→41593, 코드 4159031025→4159331025",True,True,매송면,2364,0,355,0,,
code_reissue,4159031026,경기도 화성시 매송면 송라리,폐지,4159331026,경기도 화성시 효행구 매송면 송라리,4159331026|경기도 화성시 효행구 매송면 송라리,"분구·시군구코드 재부여 1:1 (cross_sg_eup) — 읍면동·리명 동일 ('매송면' '송라리'), 시군구 41590→41593, 코드 4159031026→4159331026",True,True,매송면,832,0,308,0,,
code_reissue,4159031027,경기도 화성시 매송면 원리,폐지,4159331027,경기도 화성시 효행구 매송면 원리,4159331027|경기도 화성시 효행구 매송면 원리,"분구·시군구코드 재부여 1:1 (cross_sg_eup) — 읍면동·리명 동일 ('매송면' '원리'), 시군구 41590→41593, 코드 4159031027→4159331027",True,True,매송면,585,0,280,0,,
code_reissue,4159032021,경기도 화성시 비봉면 양노리,폐지,4159332021,경기도 화성시 효행구 비봉면 양노리,4159332021|경기도 화성시 효행구 비봉면 양노리,"분구·시군구코드 재부여 1:1 (cross_sg_eup) — 읍면동·리명 동일 ('비봉면' '양노리'), 시군구 41590→41593, 코드 4159032021→4159332021",True,True,비봉면,2548,0,845,0,,
code_reissue,4159032022,경기도 화성시 비봉면 남전리,폐지,4159332022,경기도 화성시 효행구 비봉면 남전리,4159332022|경기도 화성시 효행구 비봉면 남전리,"분구·시군구코드 재부여 1:1 (cross_sg_eup) — 읍면동·리명 동일 ('비봉면' '남전리'), 시군구 41590→41593, 코드 4159032022→4159332022",True,True,비봉면,1123,0,417,0,,
code_reissue,4159032023,경기도 화성시 비봉면 유포리,폐지,4159332023,경기도 화성시 효행구 비봉면 유포리,4159332023|경기도 화성시 효행구 비봉면 유포리,"분구·시군구코드 재부여 1:1 (cross_sg_eup) — 읍면동·리명 동일 ('비봉면' '유포리'), 시군구 41590→41593, 코드 4159032023→4159332023",True,True,비봉면,1257,0,312,0,,
code_reissue,4159032024,경기도 화성시 비봉면 삼화리,폐지,4159332024,경기도 화성시 효행구 비봉면 삼화리,4159332024|경기도 화성시 효행구 비봉면 삼화리,"분구·시군구코드 재부여 1:1 (cross_sg_eup) — 읍면동·리명 동일 ('비봉면' '삼화리'), 시군구 41590→41593, 코드 4159032024→4159332024",True,True,비봉면,1943,0,439,0,,
code_reissue,4159032025,경기도 화성시 비봉면 구포리,폐지,4159332025,경기도 화성시 효행구 비봉면 구포리,4159332025|경기도 화성시 효행구 비봉면 구포리,"분구·시군구코드 재부여 1:1 (cross_sg_eup) — 읍면동·리명 동일 ('비봉면' '구포리'), 시군구 41590→41593, 코드 4159032025→4159332025",True,True,비봉면,1698,0,609,0,,
code_reissue,4159032026,경기도 화성시 비봉면 쌍학리,폐지,4159332026,경기도 화성시 효행구 비봉면 쌍학리,4159332026|경기도 화성시 효행구 비봉면 쌍학리,"분구·시군구코드 재부여 1:1 (cross_sg_eup) — 읍면동·리명 동일 ('비봉면' '쌍학리'), 시군구 41590→41593, 코드 4159032026→4159332026",True,True,비봉면,764,0,401,0,,
code_reissue,4159032027,경기도 화성시 비봉면 청요리,폐지,4159332027,경기도 화성시 효행구 비봉면 청요리,4159332027|경기도 화성시 효행구 비봉면 청요리,"분구·시군구코드 재부여 1:1 (cross_sg_eup) — 읍면동·리명 동일 ('비봉면' '청요리'), 시군구 41590→41593, 코드 4159032027→4159332027",True,True,비봉면,836,0,471,0,,
code_reissue,4159032028,경기도 화성시 비봉면 자안리,폐지,4159332028,경기도 화성시 효행구 비봉면 자안리,4159332028|경기도 화성시 효행구 비봉면 자안리,"분구·시군구코드 재부여 1:1 (cross_sg_eup) — 읍면동·리명 동일 ('비봉면' '자안리'), 시군구 41590→41593, 코드 4159032028→4159332028",True,True,비봉면,677,0,408,0,,
code_reissue,4159033021,경기도 화성시 마도면 석교리,폐지,4159131021,경기도 화성시 만세구 마도면 석교리,4159131021|경기도 화성시 만세구 마도면 석교리,"분구·시군구코드 재부여 1:1 (cross_sg_eup) — 읍면동·리명 동일 ('마도면' '석교리'), 시군구 41590→41591, 코드 4159033021→4159131021",True,True,마도면,1946,0,753,0,,
code_reissue,4159033022,경기도 화성시 마도면 두곡리,폐지,4159131022,경기도 화성시 만세구 마도면 두곡리,4159131022|경기도 화성시 만세구 마도면 두곡리,"분구·시군구코드 재부여 1:1 (cross_sg_eup) — 읍면동·리명 동일 ('마도면' '두곡리'), 시군구 41590→41591, 코드 4159033022→4159131022",True,True,마도면,906,0,535,0,,
code_reissue,4159033023,경기도 화성시 마도면 송정리,폐지,4159131023,경기도 화성시 만세구 마도면 송정리,4159131023|경기도 화성시 만세구 마도면 송정리,"분구·시군구코드 재부여 1:1 (cross_sg_eup) — 읍면동·리명 동일 ('마도면' '송정리'), 시군구 41590→41591, 코드 4159033023→4159131023",True,True,마도면,3522,0,692,0,,
code_reissue,4159033024,경기도 화성시 마도면 쌍송리,폐지,4159131024,경기도 화성시 만세구 마도면 쌍송리,4159131024|경기도 화성시 만세구 마도면 쌍송리,"분구·시군구코드 재부여 1:1 (cross_sg_eup) — 읍면동·리명 동일 ('마도면' '쌍송리'), 시군구 41590→41591, 코드 4159033024→4159131024",True,True,마도면,1611,0,494,0,,
code_reissue,4159033025,경기도 화성시 마도면 청원리,폐지,4159131025,경기도 화성시 만세구 마도면 청원리,4159131025|경기도 화성시 만세구 마도면 청원리,"분구·시군구코드 재부여 1:1 (cross_sg_eup) — 읍면동·리명 동일 ('마도면' '청원리'), 시군구 41590→41591, 코드 4159033025→4159131025",True,True,마도면,3763,0,571,0,,
code_reissue,4159033026,경기도 화성시 마도면 슬항리,폐지,4159131026,경기도 화성시 만세구 마도면 슬항리,4159131026|경기도 화성시 만세구 마도면 슬항리,"분구·시군구코드 재부여 1:1 (cross_sg_eup) — 읍면동·리명 동일 ('마도면' '슬항리'), 시군구 41590→41591, 코드 4159033026→4159131026",True,True,마도면,674,0,466,0,,
code_reissue,4159033027,경기도 화성시 마도면 해문리,폐지,4159131027,경기도 화성시 만세구 마도면 해문리,4159131027|경기도 화성시 만세구 마도면 해문리,"분구·시군구코드 재부여 1:1 (cross_sg_eup) — 읍면동·리명 동일 ('마도면' '해문리'), 시군구 41590→41591, 코드 4159033027→4159131027",True,True,마도면,1135,0,360,0,,
code_reissue,4159033028,경기도 화성시 마도면 백곡리,폐지,4159131028,경기도 화성시 만세구 마도면 백곡리,4159131028|경기도 화성시 만세구 마도면 백곡리,"분구·시군구코드 재부여 1:1 (cross_sg_eup) — 읍면동·리명 동일 ('마도면' '백곡리'), 시군구 41590→41591, 코드 4159033028→4159131028",True,True,마도면,740,0,412,0,,
code_reissue,4159033029,경기도 화성시 마도면 금당리,폐지,4159131029,경기도 화성시 만세구 마도면 금당리,4159131029|경기도 화성시 만세구 마도면 금당리,"분구·시군구코드 재부여 1:1 (cross_sg_eup) — 읍면동·리명 동일 ('마도면' '금당리'), 시군구 41590→41591, 코드 4159033029→4159131029",True,True,마도면,1276,0,524,0,,
code_reissue,4159033030,경기도 화성시 마도면 고모리,폐지,4159131030,경기도 화성시 만세구 마도면 고모리,4159131030|경기도 화성시 만세구 마도면 고모리,"분구·시군구코드 재부여 1:1 (cross_sg_eup) — 읍면동·리명 동일 ('마도면' '고모리'), 시군구 41590→41591, 코드 4159033030→4159131030",True,True,마도면,1114,0,687,0,,
code_reissue,4159034021,경기도 화성시 송산면 사강리,폐지,4159132021,경기도 화성시 만세구 송산면 사강리,4159132021|경기도 화성시 만세구 송산면 사강리,"분구·시군구코드 재부여 1:1 (cross_sg_eup) — 읍면동·리명 동일 ('송산면' '사강리'), 시군구 41590→41591, 코드 4159034021→4159132021",True,True,송산면,3288,0,1009,0,,
code_reissue,4159034022,경기도 화성시 송산면 봉가리,폐지,4159132022,경기도 화성시 만세구 송산면 봉가리,4159132022|경기도 화성시 만세구 송산면 봉가리,"분구·시군구코드 재부여 1:1 (cross_sg_eup) — 읍면동·리명 동일 ('송산면' '봉가리'), 시군구 41590→41591, 코드 4159034022→4159132022",True,True,송산면,1391,0,388,0,,
code_reissue,4159034023,경기도 화성시 송산면 삼존리,폐지,4159132023,경기도 화성시 만세구 송산면 삼존리,4159132023|경기도 화성시 만세구 송산면 삼존리,"분구·시군구코드 재부여 1:1 (cross_sg_eup) — 읍면동·리명 동일 ('송산면' '삼존리'), 시군구 41590→41591, 코드 4159034023→4159132023",True,True,송산면,1863,0,680,0,,
code_reissue,4159034024,경기도 화성시 송산면 용포리,폐지,4159132024,경기도 화성시 만세구 송산면 용포리,4159132024|경기도 화성시 만세구 송산면 용포리,"분구·시군구코드 재부여 1:1 (cross_sg_eup) — 읍면동·리명 동일 ('송산면' '용포리'), 시군구 41590→41591, 코드 4159034024→4159132024",True,True,송산면,1499,0,302,0,,
code_reissue,4159034025,경기도 화성시 송산면 고정리,폐지,4159132025,경기도 화성시 만세구 송산면 고정리,4159132025|경기도 화성시 만세구 송산면 고정리,"분구·시군구코드 재부여 1:1 (cross_sg_eup) — 읍면동·리명 동일 ('송산면' '고정리'), 시군구 41590→41591, 코드 4159034025→4159132025",True,True,송산면,1951,0,466,0,,
code_reissue,4159034026,경기도 화성시 송산면 쌍정리,폐지,4159132026,경기도 화성시 만세구 송산면 쌍정리,4159132026|경기도 화성시 만세구 송산면 쌍정리,"분구·시군구코드 재부여 1:1 (cross_sg_eup) — 읍면동·리명 동일 ('송산면' '쌍정리'), 시군구 41590→41591, 코드 4159034026→4159132026",True,True,송산면,2683,0,390,0,,
code_reissue,4159034027,경기도 화성시 송산면 천등리,폐지,4159132027,경기도 화성시 만세구 송산면 천등리,4159132027|경기도 화성시 만세구 송산면 천등리,"분구·시군구코드 재부여 1:1 (cross_sg_eup) — 읍면동·리명 동일 ('송산면' '천등리'), 시군구 41590→41591, 코드 4159034027→4159132027",True,True,송산면,876,0,266,0,,
code_reissue,4159034028,경기도 화성시 송산면 신천리,폐지,4159132028,경기도 화성시 만세구 송산면 신천리,4159132028|경기도 화성시 만세구 송산면 신천리,"분구·시군구코드 재부여 1:1 (cross_sg_eup) — 읍면동·리명 동일 ('송산면' '신천리'), 시군구 41590→41591, 코드 4159034028→4159132028",True,True,송산면,983,0,315,0,,
code_reissue,4159034029,경기도 화성시 송산면 독지리,폐지,4159132029,경기도 화성시 만세구 송산면 독지리,4159132029|경기도 화성시 만세구 송산면 독지리,"분구·시군구코드 재부여 1:1 (cross_sg_eup) — 읍면동·리명 동일 ('송산면' '독지리'), 시군구 41590→41591, 코드 4159034029→4159132029",True,True,송산면,3358,0,436,0,,
code_reissue,4159034030,경기도 화성시 송산면 마산리,폐지,4159132030,경기도 화성시 만세구 송산면 마산리,4159132030|경기도 화성시 만세구 송산면 마산리,"분구·시군구코드 재부여 1:1 (cross_sg_eup) — 읍면동·리명 동일 ('송산면' '마산리'), 시군구 41590→41591, 코드 4159034030→4159132030",True,True,송산면,2937,0,383,0,,
code_reissue,4159034031,경기도 화성시 송산면 고포리,폐지,4159132031,경기도 화성시 만세구 송산면 고포리,4159132031|경기도 화성시 만세구 송산면 고포리,"분구·시군구코드 재부여 1:1 (cross_sg_eup) — 읍면동·리명 동일 ('송산면' '고포리'), 시군구 41590→41591, 코드 4159034031→4159132031",True,True,송산면,3304,0,452,0,,
code_reissue,4159034032,경기도 화성시 송산면 지화리,폐지,4159132032,경기도 화성시 만세구 송산면 지화리,4159132032|경기도 화성시 만세구 송산면 지화리,"분구·시군구코드 재부여 1:1 (cross_sg_eup) — 읍면동·리명 동일 ('송산면' '지화리'), 시군구 41590→41591, 코드 4159034032→4159132032",True,True,송산면,2387,0,872,0,,
code_reissue,4159034033,경기도 화성시 송산면 중송리,폐지,4159132033,경기도 화성시 만세구 송산면 중송리,4159132033|경기도 화성시 만세구 송산면 중송리,"분구·시군구코드 재부여 1:1 (cross_sg_eup) — 읍면동·리명 동일 ('송산면' '중송리'), 시군구 41590→41591, 코드 4159034033→4159132033",True,True,송산면,2315,0,685,0,,
code_reissue,4159034034,경기도 화성시 송산면 육일리,폐지,4159132034,경기도 화성시 만세구 송산면 육일리,4159132034|경기도 화성시 만세구 송산면 육일리,"분구·시군구코드 재부여 1:1 (cross_sg_eup) — 읍면동·리명 동일 ('송산면' '육일리'), 시군구 41590→41591, 코드 4159034034→4159132034",True,True,송산면,1243,0,360,0,,
code_reissue,4159034035,경기도 화성시 송산면 칠곡리,폐지,4159132035,경기도 화성시 만세구 송산면 칠곡리,4159132035|경기도 화성시 만세구 송산면 칠곡리,"분구·시군구코드 재부여 1:1 (cross_sg_eup) — 읍면동·리명 동일 ('송산면' '칠곡리'), 시군구 41590→41591, 코드 4159034035→4159132035",True,True,송산면,1352,0,421,0,,
code_reissue,4159035021,경기도 화성시 서신면 전곡리,폐지,4159133021,경기도 화성시 만세구 서신면 전곡리,4159133021|경기도 화성시 만세구 서신면 전곡리,"분구·시군구코드 재부여 1:1 (cross_sg_eup) — 읍면동·리명 동일 ('서신면' '전곡리'), 시군구 41590→41591, 코드 4159035021→4159133021",True,True,서신면,1612,0,863,0,,
code_reissue,4159035022,경기도 화성시 서신면 상안리,폐지,4159133022,경기도 화성시 만세구 서신면 상안리,4159133022|경기도 화성시 만세구 서신면 상안리,"분구·시군구코드 재부여 1:1 (cross_sg_eup) — 읍면동·리명 동일 ('서신면' '상안리'), 시군구 41590→41591, 코드 4159035022→4159133022",True,True,서신면,1169,0,682,0,,
code_reissue,4159035023,경기도 화성시 서신면 광평리,폐지,4159133023,경기도 화성시 만세구 서신면 광평리,4159133023|경기도 화성시 만세구 서신면 광평리,"분구·시군구코드 재부여 1:1 (cross_sg_eup) — 읍면동·리명 동일 ('서신면' '광평리'), 시군구 41590→41591, 코드 4159035023→4159133023",True,True,서신면,806,0,400,0,,
code_reissue,4159035024,경기도 화성시 서신면 장외리,폐지,4159133024,경기도 화성시 만세구 서신면 장외리,4159133024|경기도 화성시 만세구 서신면 장외리,"분구·시군구코드 재부여 1:1 (cross_sg_eup) — 읍면동·리명 동일 ('서신면' '장외리'), 시군구 41590→41591, 코드 4159035024→4159133024",True,True,서신면,1584,0,700,0,,
code_reissue,4159035025,경기도 화성시 서신면 송교리,폐지,4159133025,경기도 화성시 만세구 서신면 송교리,4159133025|경기도 화성시 만세구 서신면 송교리,"분구·시군구코드 재부여 1:1 (cross_sg_eup) — 읍면동·리명 동일 ('서신면' '송교리'), 시군구 41590→41591, 코드 4159035025→4159133025",True,True,서신면,2154,0,626,0,,
code_reissue,4159035026,경기도 화성시 서신면 제부리,폐지,4159133026,경기도 화성시 만세구 서신면 제부리,4159133026|경기도 화성시 만세구 서신면 제부리,"분구·시군구코드 재부여 1:1 (cross_sg_eup) — 읍면동·리명 동일 ('서신면' '제부리'), 시군구 41590→41591, 코드 4159035026→4159133026",True,True,서신면,606,0,132,0,,
code_reissue,4159035027,경기도 화성시 서신면 홍법리,폐지,4159133027,경기도 화성시 만세구 서신면 홍법리,4159133027|경기도 화성시 만세구 서신면 홍법리,"분구·시군구코드 재부여 1:1 (cross_sg_eup) — 읍면동·리명 동일 ('서신면' '홍법리'), 시군구 41590→41591, 코드 4159035027→4159133027",True,True,서신면,1265,0,685,0,,
code_reissue,4159035029,경기도 화성시 서신면 매화리,폐지,4159133028,경기도 화성시 만세구 서신면 매화리,4159133028|경기도 화성시 만세구 서신면 매화리,"분구·시군구코드 재부여 1:1 (cross_sg_eup) — 읍면동·리명 동일 ('서신면' '매화리'), 시군구 41590→41591, 코드 4159035029→4159133028",True,True,서신면,1884,0,1111,0,,
code_reissue,4159035030,경기도 화성시 서신면 용두리,폐지,4159133029,경기도 화성시 만세구 서신면 용두리,4159133029|경기도 화성시 만세구 서신면 용두리,"분구·시군구코드 재부여 1:1 (cross_sg_eup) — 읍면동·리명 동일 ('서신면' '용두리'), 시군구 41590→41591, 코드 4159035030→4159133029",True,True,서신면,1114,0,579,0,,
code_reissue,4159035031,경기도 화성시 서신면 궁평리,폐지,4159133030,경기도 화성시 만세구 서신면 궁평리,4159133030|경기도 화성시 만세구 서신면 궁평리,"분구·시군구코드 재부여 1:1 (cross_sg_eup) — 읍면동·리명 동일 ('서신면' '궁평리'), 시군구 41590→41591, 코드 4159035031→4159133030",True,True,서신면,1844,0,441,0,,
code_reissue,4159035032,경기도 화성시 서신면 백미리,폐지,4159133031,경기도 화성시 만세구 서신면 백미리,4159133031|경기도 화성시 만세구 서신면 백미리,"분구·시군구코드 재부여 1:1 (cross_sg_eup) — 읍면동·리명 동일 ('서신면' '백미리'), 시군구 41590→41591, 코드 4159035032→4159133031",True,True,서신면,1191,0,371,0,,
code_reissue,4159035033,경기도 화성시 서신면 사곶리,폐지,4159133032,경기도 화성시 만세구 서신면 사곶리,4159133032|경기도 화성시 만세구 서신면 사곶리,"분구·시군구코드 재부여 1:1 (cross_sg_eup) — 읍면동·리명 동일 ('서신면' '사곶리'), 시군구 41590→41591, 코드 4159035033→4159133032",True,True,서신면,762,0,431,0,,
code_reissue,4159036021,경기도 화성시 팔탄면 하저리,폐지,4159134021,경기도 화성시 만세구 팔탄면 하저리,4159134021|경기도 화성시 만세구 팔탄면 하저리,"분구·시군구코드 재부여 1:1 (cross_sg_eup) — 읍면동·리명 동일 ('팔탄면' '하저리'), 시군구 41590→41591, 코드 4159036021→4159134021",True,True,팔탄면,1121,0,405,0,,
code_reissue,4159036022,경기도 화성시 팔탄면 창곡리,폐지,4159134022,경기도 화성시 만세구 팔탄면 창곡리,4159134022|경기도 화성시 만세구 팔탄면 창곡리,"분구·시군구코드 재부여 1:1 (cross_sg_eup) — 읍면동·리명 동일 ('팔탄면' '창곡리'), 시군구 41590→41591, 코드 4159036022→4159134022",True,True,팔탄면,1157,0,363,0,,
code_reissue,4159036023,경기도 화성시 팔탄면 기천리,폐지,4159134023,경기도 화성시 만세구 팔탄면 기천리,4159134023|경기도 화성시 만세구 팔탄면 기천리,"분구·시군구코드 재부여 1:1 (cross_sg_eup) — 읍면동·리명 동일 ('팔탄면' '기천리'), 시군구 41590→41591, 코드 4159036023→4159134023",True,True,팔탄면,1741,0,446,0,,
code_reissue,4159036024,경기도 화성시 팔탄면 가재리,폐지,4159134024,경기도 화성시 만세구 팔탄면 가재리,4159134024|경기도 화성시 만세구 팔탄면 가재리,"분구·시군구코드 재부여 1:1 (cross_sg_eup) — 읍면동·리명 동일 ('팔탄면' '가재리'), 시군구 41590→41591, 코드 4159036024→4159134024",True,True,팔탄면,1385,0,387,0,,
code_reissue,4159036025,경기도 화성시 팔탄면 구장리,폐지,4159134025,경기도 화성시 만세구 팔탄면 구장리,4159134025|경기도 화성시 만세구 팔탄면 구장리,"분구·시군구코드 재부여 1:1 (cross_sg_eup) — 읍면동·리명 동일 ('팔탄면' '구장리'), 시군구 41590→41591, 코드 4159036025→4159134025",True,True,팔탄면,2040,0,1058,0,,
code_reissue,4159036026,경기도 화성시 팔탄면 율암리,폐지,4159134026,경기도 화성시 만세구 팔탄면 율암리,4159134026|경기도 화성시 만세구 팔탄면 율암리,"분구·시군구코드 재부여 1:1 (cross_sg_eup) — 읍면동·리명 동일 ('팔탄면' '율암리'), 시군구 41590→41591, 코드 4159036026→4159134026",True,True,팔탄면,2957,0,510,0,,
code_reissue,4159036027,경기도 화성시 팔탄면 노하리,폐지,4159134027,경기도 화성시 만세구 팔탄면 노하리,4159134027|경기도 화성시 만세구 팔탄면 노하리,"분구·시군구코드 재부여 1:1 (cross_sg_eup) — 읍면동·리명 동일 ('팔탄면' '노하리'), 시군구 41590→41591, 코드 4159036027→4159134027",True,True,팔탄면,1564,0,384,0,,
code_reissue,4159036028,경기도 화성시 팔탄면 덕천리,폐지,4159134028,경기도 화성시 만세구 팔탄면 덕천리,4159134028|경기도 화성시 만세구 팔탄면 덕천리,"분구·시군구코드 재부여 1:1 (cross_sg_eup) — 읍면동·리명 동일 ('팔탄면' '덕천리'), 시군구 41590→41591, 코드 4159036028→4159134028",True,True,팔탄면,898,0,389,0,,
code_reissue,4159036029,경기도 화성시 팔탄면 지월리,폐지,4159134029,경기도 화성시 만세구 팔탄면 지월리,4159134029|경기도 화성시 만세구 팔탄면 지월리,"분구·시군구코드 재부여 1:1 (cross_sg_eup) — 읍면동·리명 동일 ('팔탄면' '지월리'), 시군구 41590→41591, 코드 4159036029→4159134029",True,True,팔탄면,518,0,427,0,,
code_reissue,4159036030,경기도 화성시 팔탄면 덕우리,폐지,4159134030,경기도 화성시 만세구 팔탄면 덕우리,4159134030|경기도 화성시 만세구 팔탄면 덕우리,"분구·시군구코드 재부여 1:1 (cross_sg_eup) — 읍면동·리명 동일 ('팔탄면' '덕우리'), 시군구 41590→41591, 코드 4159036030→4159134030",True,True,팔탄면,1788,0,696,0,,
code_reissue,4159036031,경기도 화성시 팔탄면 서근리,폐지,4159134031,경기도 화성시 만세구 팔탄면 서근리,4159134031|경기도 화성시 만세구 팔탄면 서근리,"분구·시군구코드 재부여 1:1 (cross_sg_eup) — 읍면동·리명 동일 ('팔탄면' '서근리'), 시군구 41590→41591, 코드 4159036031→4159134031",True,True,팔탄면,2224,0,225,0,,
code_reissue,4159036032,경기도 화성시 팔탄면 월문리,폐지,4159134032,경기도 화성시 만세구 팔탄면 월문리,4159134032|경기도 화성시 만세구 팔탄면 월문리,"분구·시군구코드 재부여 1:1 (cross_sg_eup) — 읍면동·리명 동일 ('팔탄면' '월문리'), 시군구 41590→41591, 코드 4159036032→4159134032",True,True,팔탄면,1038,0,194,0,,
code_reissue,4159036033,경기도 화성시 팔탄면 화당리,폐지,4159134033,경기도 화성시 만세구 팔탄면 화당리,4159134033|경기도 화성시 만세구 팔탄면 화당리,"분구·시군구코드 재부여 1:1 (cross_sg_eup) — 읍면동·리명 동일 ('팔탄면' '화당리'), 시군구 41590→41591, 코드 4159036033→4159134033",True,True,팔탄면,1081,0,197,0,,
code_reissue,4159036034,경기도 화성시 팔탄면 고주리,폐지,4159134034,경기도 화성시 만세구 팔탄면 고주리,4159134034|경기도 화성시 만세구 팔탄면 고주리,"분구·시군구코드 재부여 1:1 (cross_sg_eup) — 읍면동·리명 동일 ('팔탄면' '고주리'), 시군구 41590→41591, 코드 4159036034→4159134034",True,True,팔탄면,913,0,475,0,,
code_reissue,4159036035,경기도 화성시 팔탄면 매곡리,폐지,4159134035,경기도 화성시 만세구 팔탄면 매곡리,4159134035|경기도 화성시 만세구 팔탄면 매곡리,"분구·시군구코드 재부여 1:1 (cross_sg_eup) — 읍면동·리명 동일 ('팔탄면' '매곡리'), 시군구 41590→41591, 코드 4159036035→4159134035",True,True,팔탄면,182,0,305,0,,
code_reissue,4159036036,경기도 화성시 팔탄면 해창리,폐지,4159134036,경기도 화성시 만세구 팔탄면 해창리,4159134036|경기도 화성시 만세구 팔탄면 해창리,"분구·시군구코드 재부여 1:1 (cross_sg_eup) — 읍면동·리명 동일 ('팔탄면' '해창리'), 시군구 41590→41591, 코드 4159036036→4159134036",True,True,팔탄면,908,0,365,0,,
code_reissue,4159037021,경기도 화성시 장안면 어은리,폐지,4159135021,경기도 화성시 만세구 장안면 어은리,4159135021|경기도 화성시 만세구 장안면 어은리,"분구·시군구코드 재부여 1:1 (cross_sg_eup) — 읍면동·리명 동일 ('장안면' '어은리'), 시군구 41590→41591, 코드 4159037021→4159135021",True,True,장안면,1826,0,622,0,,
code_reissue,4159037022,경기도 화성시 장안면 석포리,폐지,4159135022,경기도 화성시 만세구 장안면 석포리,4159135022|경기도 화성시 만세구 장안면 석포리,"분구·시군구코드 재부여 1:1 (cross_sg_eup) — 읍면동·리명 동일 ('장안면' '석포리'), 시군구 41590→41591, 코드 4159037022→4159135022",True,True,장안면,6285,0,729,0,,
code_reissue,4159037023,경기도 화성시 장안면 수촌리,폐지,4159135023,경기도 화성시 만세구 장안면 수촌리,4159135023|경기도 화성시 만세구 장안면 수촌리,"분구·시군구코드 재부여 1:1 (cross_sg_eup) — 읍면동·리명 동일 ('장안면' '수촌리'), 시군구 41590→41591, 코드 4159037023→4159135023",True,True,장안면,5702,0,849,0,,
code_reissue,4159037024,경기도 화성시 장안면 독정리,폐지,4159135024,경기도 화성시 만세구 장안면 독정리,4159135024|경기도 화성시 만세구 장안면 독정리,"분구·시군구코드 재부여 1:1 (cross_sg_eup) — 읍면동·리명 동일 ('장안면' '독정리'), 시군구 41590→41591, 코드 4159037024→4159135024",True,True,장안면,3824,0,772,0,,
code_reissue,4159037025,경기도 화성시 장안면 장안리,폐지,4159135025,경기도 화성시 만세구 장안면 장안리,4159135025|경기도 화성시 만세구 장안면 장안리,"분구·시군구코드 재부여 1:1 (cross_sg_eup) — 읍면동·리명 동일 ('장안면' '장안리'), 시군구 41590→41591, 코드 4159037025→4159135025",True,True,장안면,2583,0,507,0,,
code_reissue,4159037026,경기도 화성시 장안면 덕다리,폐지,4159135026,경기도 화성시 만세구 장안면 덕다리,4159135026|경기도 화성시 만세구 장안면 덕다리,"분구·시군구코드 재부여 1:1 (cross_sg_eup) — 읍면동·리명 동일 ('장안면' '덕다리'), 시군구 41590→41591, 코드 4159037026→4159135026",True,True,장안면,849,0,530,0,,
code_reissue,4159037027,경기도 화성시 장안면 사랑리,폐지,4159135027,경기도 화성시 만세구 장안면 사랑리,4159135027|경기도 화성시 만세구 장안면 사랑리,"분구·시군구코드 재부여 1:1 (cross_sg_eup) — 읍면동·리명 동일 ('장안면' '사랑리'), 시군구 41590→41591, 코드 4159037027→4159135027",True,True,장안면,1491,0,650,0,,
code_reissue,4159037028,경기도 화성시 장안면 금의리,폐지,4159135028,경기도 화성시 만세구 장안면 금의리,4159135028|경기도 화성시 만세구 장안면 금의리,"분구·시군구코드 재부여 1:1 (cross_sg_eup) — 읍면동·리명 동일 ('장안면' '금의리'), 시군구 41590→41591, 코드 4159037028→4159135028",True,True,장안면,1787,0,506,0,,
code_reissue,4159037029,경기도 화성시 장안면 사곡리,폐지,4159135029,경기도 화성시 만세구 장안면 사곡리,4159135029|경기도 화성시 만세구 장안면 사곡리,"분구·시군구코드 재부여 1:1 (cross_sg_eup) — 읍면동·리명 동일 ('장안면' '사곡리'), 시군구 41590→41591, 코드 4159037029→4159135029",True,True,장안면,2175,0,673,0,,
code_reissue,4159037030,경기도 화성시 장안면 노진리,폐지,4159135030,경기도 화성시 만세구 장안면 노진리,4159135030|경기도 화성시 만세구 장안면 노진리,"분구·시군구코드 재부여 1:1 (cross_sg_eup) — 읍면동·리명 동일 ('장안면' '노진리'), 시군구 41590→41591, 코드 4159037030→4159135030",True,True,장안면,1383,0,343,0,,
code_reissue,4159040021,경기도 화성시 양감면 신왕리,폐지,4159136021,경기도 화성시 만세구 양감면 신왕리,4159136021|경기도 화성시 만세구 양감면 신왕리,"분구·시군구코드 재부여 1:1 (cross_sg_eup) — 읍면동·리명 동일 ('양감면' '신왕리'), 시군구 41590→41591, 코드 4159040021→4159136021",True,True,양감면,1682,0,797,0,,
code_reissue,4159040022,경기도 화성시 양감면 사창리,폐지,4159136022,경기도 화성시 만세구 양감면 사창리,4159136022|경기도 화성시 만세구 양감면 사창리,"분구·시군구코드 재부여 1:1 (cross_sg_eup) — 읍면동·리명 동일 ('양감면' '사창리'), 시군구 41590→41591, 코드 4159040022→4159136022",True,True,양감면,3681,0,573,0,,
code_reissue,4159040023,경기도 화성시 양감면 정문리,폐지,4159136023,경기도 화성시 만세구 양감면 정문리,4159136023|경기도 화성시 만세구 양감면 정문리,"분구·시군구코드 재부여 1:1 (cross_sg_eup) — 읍면동·리명 동일 ('양감면' '정문리'), 시군구 41590→41591, 코드 4159040023→4159136023",True,True,양감면,1176,0,648,0,,
code_reissue,4159040024,경기도 화성시 양감면 송산리,폐지,4159136024,경기도 화성시 만세구 양감면 송산리,4159136024|경기도 화성시 만세구 양감면 송산리,"분구·시군구코드 재부여 1:1 (cross_sg_eup) — 읍면동·리명 동일 ('양감면' '송산리'), 시군구 41590→41591, 코드 4159040024→4159136024",True,True,양감면,1534,0,617,0,,
code_reissue,4159040025,경기도 화성시 양감면 용소리,폐지,4159136025,경기도 화성시 만세구 양감면 용소리,4159136025|경기도 화성시 만세구 양감면 용소리,"분구·시군구코드 재부여 1:1 (cross_sg_eup) — 읍면동·리명 동일 ('양감면' '용소리'), 시군구 41590→41591, 코드 4159040025→4159136025",True,True,양감면,1299,0,587,0,,
code_reissue,4159040026,경기도 화성시 양감면 요당리,폐지,4159136026,경기도 화성시 만세구 양감면 요당리,4159136026|경기도 화성시 만세구 양감면 요당리,"분구·시군구코드 재부여 1:1 (cross_sg_eup) — 읍면동·리명 동일 ('양감면' '요당리'), 시군구 41590→41591, 코드 4159040026→4159136026",True,True,양감면,1275,0,564,0,,
code_reissue,4159040027,경기도 화성시 양감면 대양리,폐지,4159136027,경기도 화성시 만세구 양감면 대양리,4159136027|경기도 화성시 만세구 양감면 대양리,"분구·시군구코드 재부여 1:1 (cross_sg_eup) — 읍면동·리명 동일 ('양감면' '대양리'), 시군구 41590→41591, 코드 4159040027→4159136027",True,True,양감면,1816,0,833,0,,
code_reissue,4159041021,경기도 화성시 정남면 발산리,폐지,4159333021,경기도 화성시 효행구 정남면 발산리,4159333021|경기도 화성시 효행구 정남면 발산리,"분구·시군구코드 재부여 1:1 (cross_sg_eup) — 읍면동·리명 동일 ('정남면' '발산리'), 시군구 41590→41593, 코드 4159041021→4159333021",True,True,정남면,381,0,315,0,,
code_reissue,4159041022,경기도 화성시 정남면 괘랑리,폐지,4159333022,경기도 화성시 효행구 정남면 괘랑리,4159333022|경기도 화성시 효행구 정남면 괘랑리,"분구·시군구코드 재부여 1:1 (cross_sg_eup) — 읍면동·리명 동일 ('정남면' '괘랑리'), 시군구 41590→41593, 코드 4159041022→4159333022",True,True,정남면,1337,0,855,0,,
code_reissue,4159041023,경기도 화성시 정남면 보통리,폐지,4159333023,경기도 화성시 효행구 정남면 보통리,4159333023|경기도 화성시 효행구 정남면 보통리,"분구·시군구코드 재부여 1:1 (cross_sg_eup) — 읍면동·리명 동일 ('정남면' '보통리'), 시군구 41590→41593, 코드 4159041023→4159333023",True,True,정남면,1353,0,579,0,,
code_reissue,4159041024,경기도 화성시 정남면 관항리,폐지,4159333024,경기도 화성시 효행구 정남면 관항리,4159333024|경기도 화성시 효행구 정남면 관항리,"분구·시군구코드 재부여 1:1 (cross_sg_eup) — 읍면동·리명 동일 ('정남면' '관항리'), 시군구 41590→41593, 코드 4159041024→4159333024",True,True,정남면,688,0,519,0,,
code_reissue,4159041025,경기도 화성시 정남면 오일리,폐지,4159333025,경기도 화성시 효행구 정남면 오일리,4159333025|경기도 화성시 효행구 정남면 오일리,"분구·시군구코드 재부여 1:1 (cross_sg_eup) — 읍면동·리명 동일 ('정남면' '오일리'), 시군구 41590→41593, 코드 4159041025→4159333025",True,True,정남면,463,0,312,0,,
code_reissue,4159041026,경기도 화성시 정남면 백리,폐지,4159333026,경기도 화성시 효행구 정남면 백리,4159333026|경기도 화성시 효행구 정남면 백리,"분구·시군구코드 재부여 1:1 (cross_sg_eup) — 읍면동·리명 동일 ('정남면' '백리'), 시군구 41590→41593, 코드 4159041026→4159333026",True,True,정남면,1394,0,562,0,,
code_reissue,4159041027,경기도 화성시 정남면 문학리,폐지,4159333027,경기도 화성시 효행구 정남면 문학리,4159333027|경기도 화성시 효행구 정남면 문학리,"분구·시군구코드 재부여 1:1 (cross_sg_eup) — 읍면동·리명 동일 ('정남면' '문학리'), 시군구 41590→41593, 코드 4159041027→4159333027",True,True,정남면,2217,0,676,0,,
code_reissue,4159041028,경기도 화성시 정남면 신리,폐지,4159333028,경기도 화성시 효행구 정남면 신리,4159333028|경기도 화성시 효행구 정남면 신리,"분구·시군구코드 재부여 1:1 (cross_sg_eup) — 읍면동·리명 동일 ('정남면' '신리'), 시군구 41590→41593, 코드 4159041028→4159333028",True,True,정남면,488,0,346,0,,
code_reissue,4159041029,경기도 화성시 정남면 계향리,폐지,4159333029,경기도 화성시 효행구 정남면 계향리,4159333029|경기도 화성시 효행구 정남면 계향리,"분구·시군구코드 재부여 1:1 (cross_sg_eup) — 읍면동·리명 동일 ('정남면' '계향리'), 시군구 41590→41593, 코드 4159041029→4159333029",True,True,정남면,870,0,614,0,,
code_reissue,4159041030,경기도 화성시 정남면 귀래리,폐지,4159333030,경기도 화성시 효행구 정남면 귀래리,4159333030|경기도 화성시 효행구 정남면 귀래리,"분구·시군구코드 재부여 1:1 (cross_sg_eup) — 읍면동·리명 동일 ('정남면' '귀래리'), 시군구 41590→41593, 코드 4159041030→4159333030",True,True,정남면,2935,0,629,0,,
code_reissue,4159041031,경기도 화성시 정남면 제기리,폐지,4159333031,경기도 화성시 효행구 정남면 제기리,4159333031|경기도 화성시 효행구 정남면 제기리,"분구·시군구코드 재부여 1:1 (cross_sg_eup) — 읍면동·리명 동일 ('정남면' '제기리'), 시군구 41590→41593, 코드 4159041031→4159333031",True,True,정남면,494,0,475,0,,
code_reissue,4159041032,경기도 화성시 정남면 덕절리,폐지,4159333032,경기도 화성시 효행구 정남면 덕절리,4159333032|경기도 화성시 효행구 정남면 덕절리,"분구·시군구코드 재부여 1:1 (cross_sg_eup) — 읍면동·리명 동일 ('정남면' '덕절리'), 시군구 41590→41593, 코드 4159041032→4159333032",True,True,정남면,1677,0,681,0,,
code_reissue,4159041033,경기도 화성시 정남면 음양리,폐지,4159333033,경기도 화성시 효행구 정남면 음양리,4159333033|경기도 화성시 효행구 정남면 음양리,"분구·시군구코드 재부여 1:1 (cross_sg_eup) — 읍면동·리명 동일 ('정남면' '음양리'), 시군구 41590→41593, 코드 4159041033→4159333033",True,True,정남면,503,0,561,0,,
code_reissue,4159041034,경기도 화성시 정남면 망월리,폐지,4159333034,경기도 화성시 효행구 정남면 망월리,4159333034|경기도 화성시 효행구 정남면 망월리,"분구·시군구코드 재부여 1:1 (cross_sg_eup) — 읍면동·리명 동일 ('정남면' '망월리'), 시군구 41590→41593, 코드 4159041034→4159333034",True,True,정남면,419,0,354,0,,
code_reissue,4159041035,경기도 화성시 정남면 수면리,폐지,4159333035,경기도 화성시 효행구 정남면 수면리,4159333035|경기도 화성시 효행구 정남면 수면리,"분구·시군구코드 재부여 1:1 (cross_sg_eup) — 읍면동·리명 동일 ('정남면' '수면리'), 시군구 41590→41593, 코드 4159041035→4159333035",True,True,정남면,674,0,317,0,,
code_reissue,4159041036,경기도 화성시 정남면 내리,폐지,4159333036,경기도 화성시 효행구 정남면 내리,4159333036|경기도 화성시 효행구 정남면 내리,"분구·시군구코드 재부여 1:1 (cross_sg_eup) — 읍면동·리명 동일 ('정남면' '내리'), 시군구 41590→41593, 코드 4159041036→4159333036",True,True,정남면,342,0,465,0,,
code_reissue,4159041037,경기도 화성시 정남면 금복리,폐지,4159333037,경기도 화성시 효행구 정남면 금복리,4159333037|경기도 화성시 효행구 정남면 금복리,"분구·시군구코드 재부여 1:1 (cross_sg_eup) — 읍면동·리명 동일 ('정남면' '금복리'), 시군구 41590→41593, 코드 4159041037→4159333037",True,True,정남면,193,0,247,0,,
code_reissue,4159041038,경기도 화성시 정남면 고지리,폐지,4159333038,경기도 화성시 효행구 정남면 고지리,4159333038|경기도 화성시 효행구 정남면 고지리,"분구·시군구코드 재부여 1:1 (cross_sg_eup) — 읍면동·리명 동일 ('정남면' '고지리'), 시군구 41590→41593, 코드 4159041038→4159333038",True,True,정남면,414,0,424,0,,
code_reissue,4159041039,경기도 화성시 정남면 용수리,폐지,4159333039,경기도 화성시 효행구 정남면 용수리,4159333039|경기도 화성시 효행구 정남면 용수리,"분구·시군구코드 재부여 1:1 (cross_sg_eup) — 읍면동·리명 동일 ('정남면' '용수리'), 시군구 41590→41593, 코드 4159041039→4159333039",True,True,정남면,447,0,429,0,,
code_reissue,4377034021,충청북도 음성군 대소면 오산리,폐지,4377025621,충청북도 음성군 대소읍 오산리,4377025621|충청북도 음성군 대소읍 오산리,"면↔읍 승격 1:1 — '대소면'→'대소읍', 리명 '오산리' 동일, 코드 4377034021→4377025621",True,True,대소읍,78,0,342,0,,
code_reissue,4377034022,충청북도 음성군 대소면 태생리,폐지,4377025622,충청북도 음성군 대소읍 태생리,4377025622|충청북도 음성군 대소읍 태생리,"면↔읍 승격 1:1 — '대소면'→'대소읍', 리명 '태생리' 동일, 코드 4377034022→4377025622",True,True,대소읍,237,0,762,0,,
code_reissue,4377034023,충청북도 음성군 대소면 소석리,폐지,4377025623,충청북도 음성군 대소읍 소석리,4377025623|충청북도 음성군 대소읍 소석리,"면↔읍 승격 1:1 — '대소면'→'대소읍', 리명 '소석리' 동일, 코드 4377034023→4377025623",True,True,대소읍,214,0,225,0,,
code_reissue,4377034024,충청북도 음성군 대소면 성본리,폐지,4377025624,충청북도 음성군 대소읍 성본리,4377025624|충청북도 음성군 대소읍 성본리,"면↔읍 승격 1:1 — '대소면'→'대소읍', 리명 '성본리' 동일, 코드 4377034024→4377025624",True,True,대소읍,389,0,874,0,,
code_reissue,4377034025,충청북도 음성군 대소면 부윤리,폐지,4377025625,충청북도 음성군 대소읍 부윤리,4377025625|충청북도 음성군 대소읍 부윤리,"면↔읍 승격 1:1 — '대소면'→'대소읍', 리명 '부윤리' 동일, 코드 4377034025→4377025625",True,True,대소읍,296,0,458,0,,
code_reissue,4377034026,충청북도 음성군 대소면 수태리,폐지,4377025626,충청북도 음성군 대소읍 수태리,4377025626|충청북도 음성군 대소읍 수태리,"면↔읍 승격 1:1 — '대소면'→'대소읍', 리명 '수태리' 동일, 코드 4377034026→4377025626",True,True,대소읍,220,0,364,0,대소면→대소읍 수태리 (UI GIS/통계 충돌 사례),"GIS li_cd=4377025626(신), 통계/원장 매핑=4377034026(폐지·DB활성·이름 대소읍). D-028 code_reissue 전형."
code_reissue,4377034027,충청북도 음성군 대소면 삼정리,폐지,4377025627,충청북도 음성군 대소읍 삼정리,4377025627|충청북도 음성군 대소읍 삼정리,"면↔읍 승격 1:1 — '대소면'→'대소읍', 리명 '삼정리' 동일, 코드 4377034027→4377025627",True,True,대소읍,311,0,774,0,,
code_reissue,4377034028,충청북도 음성군 대소면 미곡리,폐지,4377025628,충청북도 음성군 대소읍 미곡리,4377025628|충청북도 음성군 대소읍 미곡리,"면↔읍 승격 1:1 — '대소면'→'대소읍', 리명 '미곡리' 동일, 코드 4377034028→4377025628",True,True,대소읍,315,0,376,0,,
code_reissue,4377034029,충청북도 음성군 대소면 삼호리,폐지,4377025629,충청북도 음성군 대소읍 삼호리,4377025629|충청북도 음성군 대소읍 삼호리,"면↔읍 승격 1:1 — '대소면'→'대소읍', 리명 '삼호리' 동일, 코드 4377034029→4377025629",True,True,대소읍,78,0,328,0,,
code_reissue,4377034030,충청북도 음성군 대소면 내산리,폐지,4377025630,충청북도 음성군 대소읍 내산리,4377025630|충청북도 음성군 대소읍 내산리,"면↔읍 승격 1:1 — '대소면'→'대소읍', 리명 '내산리' 동일, 코드 4377034030→4377025630",True,True,대소읍,155,0,324,0,,
code_reissue,4377034031,충청북도 음성군 대소면 오류리,폐지,4377025631,충청북도 음성군 대소읍 오류리,4377025631|충청북도 음성군 대소읍 오류리,"면↔읍 승격 1:1 — '대소면'→'대소읍', 리명 '오류리' 동일, 코드 4377034031→4377025631",True,True,대소읍,264,0,724,0,,
code_reissue,4377034032,충청북도 음성군 대소면 대풍리,폐지,4377025632,충청북도 음성군 대소읍 대풍리,4377025632|충청북도 음성군 대소읍 대풍리,"면↔읍 승격 1:1 — '대소면'→'대소읍', 리명 '대풍리' 동일, 코드 4377034032→4377025632",True,True,대소읍,219,0,329,0,,
unresolved,,,,4822025032,경상남도 통영시 산양읍 당포리,,"마스터 존재·region_codes 미적재, 동일 리(+읍면동) 폐지 쌍 없음. 신설·관할 이전·마스터만의 코드일 수 있음",False,,,0,0,0,0,,
unresolved,4822025025,경상남도 통영시 산양읍 삼덕리,폐지,,,,마스터 폐지·DB 활성이나 동일 리(+읍면동) 존재 코드 없음. 흡수·개명·관할 이전 등 수동 검토 필요,True,True,산양읍,0,0,0,0,,
