통계표,계정항목,단위,변환,2010,2011,2012,2013,2014,2015,2016,2017,2018,2019,2020,2021,2022,2023,2024,2025 p)
"2.1.1.1. 주요지표(연간지표)","  국내총생산(명목, 원화표시)","십억원","원자료","1,379,460.2","1,448,575.6","1,504,674.1","1,570,938.2","1,638,484.8","1,740,776","1,833,026.6","1,934,233.9","2,006,974.5","2,040,594.3","2,058,466.5","2,223,719.9","2,328,169","2,407,575.8","2,564,204.2","2,676,674.8"
"2.1.1.1. 주요지표(연간지표)","  국내총생산(명목, 달러표시)","억달러","원자료","11,930.4","13,072.5","13,352.6","14,345.9","15,556.9","15,384.8","15,795.1","17,104.4","18,240.2","17,506.1","17,443.9","19,431","18,020.6","18,443.1","18,799.4","18,820.4"
"2.1.1.1. 주요지표(연간지표)","  국민총소득(명목, 원화표시)","십억원","원자료","1,381,435.9","1,457,173.3","1,519,751.8","1,580,503.9","1,646,049.1","1,745,962.1","1,839,390.5","1,941,716.5","2,014,588.5","2,057,204.1","2,075,410.3","2,247,019.7","2,355,522.9","2,440,877.5","2,601,613.7","2,717,062.8"
"2.1.1.1. 주요지표(연간지표)","  국민총소득(명목, 달러표시)","억달러","원자료","11,947.5","13,150.1","13,486.4","14,433.3","15,628.7","15,430.6","15,850","17,170.6","18,309.4","17,648.6","17,587.5","19,634.6","18,232.3","18,698.2","19,073.7","19,104.4"
"2.1.1.1. 주요지표(연간지표)","  요소비용국민소득(명목)","십억원","원자료","1,001,865.5","1,051,774.3","1,093,581.5","1,142,875.7","1,189,695.9","1,264,294","1,332,598.7","1,406,715.4","1,453,820.7","1,469,967.6","1,460,954.8","1,573,486.5","1,626,401.8","1,698,494.3","1,816,027.3","1,900,674.8"
"2.1.1.1. 주요지표(연간지표)","  국민처분가능소득(명목)","십억원","원자료","1,128,390.1","1,184,566","1,229,226.6","1,280,565.8","1,332,691","1,416,721.8","1,494,841.8","1,577,031.4","1,628,018.5","1,648,030.4","1,648,918.5","1,780,951.9","1,842,073","1,893,584.9","2,020,567.3","2,108,537.2"
"2.1.1.1. 주요지표(연간지표)","  국민총처분가능소득(명목)","십억원","원자료","1,376,236.4","1,453,121.6","1,515,204.6","1,577,843.9","1,642,669.3","1,741,717.5","1,834,251.4","1,935,277.5","2,007,352.8","2,051,307.9","2,072,253.6","2,240,899.5","2,351,273.9","2,432,766.2","2,590,915.1","2,705,698.7"
"2.1.1.1. 주요지표(연간지표)","  가계총처분가능소득(명목)","십억원","원자료","765,740.8","810,350","845,264.7","882,257.4","926,680.2","988,356","1,015,405.5","1,046,674.9","1,095,456","1,147,008.9","1,188,519.6","1,230,115.3","1,302,267.7","1,375,617.9","1,450,565.1","1,507,977.1"
"2.1.1.1. 주요지표(연간지표)","  1인당 국내총생산(명목, 원화표시)","만원","원자료","2,783.7","2,900.8","2,997.4","3,115.2","3,228.8","3,412.3","3,578.9","3,765.9","3,890.6","3,942","3,971.1","4,295.4","4,505.6","4,655.7","4,954.9","5,178.9"
"2.1.1.1. 주요지표(연간지표)","  1인당 국내총생산(명목, 달러표시)","달러","원자료","24,075.4","26,178.2","26,598.8","28,447.9","30,656","30,157.5","30,839.2","33,301.7","35,359.6","33,818.5","33,651.9","37,533.6","34,874.6","35,664.5","36,326.6","36,414"
"2.1.1.1. 주요지표(연간지표)","  1인당 국민총소득(명목, 원화표시)","만원","원자료","2,787.7","2,918","3,027.4","3,134.1","3,243.7","3,422.5","3,591.3","3,780.5","3,905.4","3,974.1","4,003.8","4,340.4","4,558.6","4,720.1","5,027.2","5,257"
"2.1.1.1. 주요지표(연간지표)","  1인당 국민총소득(명목, 달러표시)","달러","원자료","24,109.9","26,333.5","26,865.4","28,621.1","30,797.6","30,247.3","30,946.2","33,430.5","35,493.7","34,093.7","33,928.9","37,926.9","35,284.3","36,157.8","36,856.6","36,963.4"
"2.1.1.1. 주요지표(연간지표)","  1인당 가계총처분가능소득(명목, 원화표시)","만원","원자료","1,545.3","1,622.8","1,683.8","1,749.5","1,826.1","1,937.4","1,982.5","2,037.8","2,123.6","2,215.8","2,292.8","2,376.1","2,520.2","2,660.1","2,803","2,917.7"
"2.1.1.1. 주요지표(연간지표)","  1인당 가계총처분가능소득(명목, 달러표시)","달러","원자료","13,364.3","14,644.4","14,942.1","15,976.7","17,338.2","17,122.4","17,083.4","18,020.6","19,300.1","19,009.2","19,430","20,762.8","19,507.2","20,377.7","20,549.9","20,514.8"
"2.1.1.1. 주요지표(연간지표)","  국내총생산(실질성장률)","%","원자료","7.0","3.7","2.5","3.3","3.2","2.9","3.2","3.4","3.2","2.3","-0.7","4.7","2.9","1.5","2.2","1.1"
"2.1.1.1. 주요지표(연간지표)","    농림어업","%","원자료","-3.6","-1.0","-0.5","4.2","5.1","-0.3","-6.6","1.2","-0.8","2.9","-6.7","3.4","0.8","-1.8","0.7","0.5"
"2.1.1.1. 주요지표(연간지표)","    광공업","%","원자료","13.9","5.1","1.7","3.5","3.3","1.7","2.1","4.2","3.3","0.5","-2.0","6.8","3.1","1.1","4.8","2.3"
"2.1.1.1. 주요지표(연간지표)","    (제조업)","%","원자료","14.0","5.2","1.7","3.5","3.3","1.8","2.1","4.3","3.4","0.5","-2.0","6.8","3.2","1.1","4.9","2.4"
"2.1.1.1. 주요지표(연간지표)","    전기, 가스 및 수도사업","%","원자료","4.6","1.4","2.7","-1.3","3.5","6.7","-0.4","5.7","-1.2","3.8","5.7","1.7","3.5","-2.6","4.2","-0.6"
"2.1.1.1. 주요지표(연간지표)","    건설업","%","원자료","-3.6","-4.8","-0.4","4.4","1.9","6.1","10.7","6.6","-2.1","-1.7","-0.4","-0.9","0.9","-0.6","-3.3","-9.2"
"2.1.1.1. 주요지표(연간지표)","    서비스업","%","원자료","5.1","3.8","3.4","3.5","3.0","3.1","3.4","2.8","4.2","3.8","-0.4","4.3","3.8","2.7","1.7","1.7"
"2.1.1.1. 주요지표(연간지표)","    순생산물세","%","원자료","7.5","4.2","2.0","1.1","4.4","3.7","4.4","2.7","1.2","0.7","1.1","5.1","-2.3","-3.6","1.1","-0.4"
"2.1.1.1. 주요지표(연간지표)","  국내총소득","%","원자료","7.2","1.2","2.6","4.3","3.6","6.7","4.6","3.2","2.0","0.2","0.1","3.6","-0.6","1.5","4.3","2.0"
"2.1.1.1. 주요지표(연간지표)","  국민총소득","%","원자료","7.5","1.7","3.0","3.9","3.5","6.5","4.6","3.2","2.0","0.6","0.1","3.9","-0.5","1.7","4.3","2.1"
"2.1.1.1. 주요지표(연간지표)","  최종소비지출(실질증감률)","%","원자료","4.7","3.1","2.3","2.5","2.6","2.9","3.1","3.1","3.8","3.3","-2.2","4.2","4.2","2.0","1.6","1.8"
"2.1.1.1. 주요지표(연간지표)","    민간","%","원자료","4.5","3.1","1.7","1.8","2.1","2.6","2.8","2.9","3.3","2.4","-4.6","3.7","4.2","2.1","1.3","1.5"
"2.1.1.1. 주요지표(연간지표)","    정부","%","원자료","5.7","2.9","4.7","4.9","4.3","3.9","4.3","3.7","5.4","6.4","5.2","5.6","4.0","1.9","2.2","2.7"
"2.1.1.1. 주요지표(연간지표)","  총고정자본형성","%","원자료","6.7","1.9","-0.3","2.4","3.6","5.3","6.8","9.9","-2.0","-2.1","2.8","4.3","-0.2","-0.2","-0.1","-3.4"
"2.1.1.1. 주요지표(연간지표)","    총고정자본형성(민간)","%","원자료","11.8","3.3","0.2","2.1","5.4","5.3","6.8","11.2","-2.7","-4.3","2.6","6.0","1.1","-1.3","-0.7","-3.9"
"2.1.1.1. 주요지표(연간지표)","    총고정자본형성(정부)","%","원자료","-13.6","-5.1","-2.8","4.2","-6.3","5.0","6.9","2.3","2.8","11.6","3.6","-4.5","-7.7","6.1","2.8","-0.2"
"2.1.1.1. 주요지표(연간지표)","    건설투자","%","원자료","-3.4","-2.8","-3.3","6.3","1.6","7.5","10.3","7.6","-4.2","-1.3","1.7","-0.2","-3.5","-0.5","-2.0","-9.7"
"2.1.1.1. 주요지표(연간지표)","    (건물건설)","%","원자료","-0.9","-1.6","-1.0","11.9","6.3","9.7","17.3","12.8","-5.1","-3.8","0.3","3.1","-0.7","-2.4","-3.9","-10.4"
"2.1.1.1. 주요지표(연간지표)","    (토목건설)","%","원자료","-6.5","-4.4","-6.2","-1.5","-5.9","3.5","-3.0","-4.5","-1.6","5.4","5.0","-7.8","-10.7","5.0","2.8","-8.0"
"2.1.1.1. 주요지표(연간지표)","    설비투자","%","원자료","23.9","6.1","0.6","-4.2","5.8","4.8","3.1","15.4","-2.2","-6.3","4.3","10.2","-0.3","-0.2","1.0","1.5"
"2.1.1.1. 주요지표(연간지표)","    (기계류)","%","원자료","29.0","6.0","2.6","-5.9","5.0","4.6","2.4","19.4","-4.6","-9.1","5.4","13.2","1.9","-0.1","-0.1","1.1"
"2.1.1.1. 주요지표(연간지표)","    (운송장비)","%","원자료","8.0","6.7","-6.7","2.8","8.6","5.5","5.4","2.3","6.8","3.2","1.1","0.8","-7.8","-0.4","5.1","2.5"
"2.1.1.1. 주요지표(연간지표)","    지식재산생산물투자","%","원자료","6.6","7.2","6.3","5.2","5.0","0.8","4.3","6.9","4.2","2.7","3.0","6.5","7.6","0.2","2.4","3.0"
"2.1.1.1. 주요지표(연간지표)","  재화와 서비스의 수출","%","원자료","13.1","15.6","6.0","4.0","2.1","0.0","2.5","2.5","3.8","-0.2","-1.7","11.8","4.0","3.5","7.6","4.3"
"2.1.1.1. 주요지표(연간지표)","    (재화)","%","원자료","13.9","17.3","5.3","4.1","1.2","-0.6","1.9","4.2","2.8","-1.5","0.1","12.0","3.9","2.3","7.1","3.3"
"2.1.1.1. 주요지표(연간지표)","  재화와 서비스의 수입","%","원자료","17.8","14.6","2.6","1.9","1.4","1.9","5.4","7.9","1.6","-2.0","-3.3","11.2","4.0","2.2","3.8","3.3"
"2.1.1.1. 주요지표(연간지표)","    (재화)","%","원자료","19.7","17.8","2.2","1.5","0.4","0.5","4.0","7.5","1.9","-2.7","0.2","13.0","4.5","-2.3","2.2","1.9"
"2.1.1.1. 주요지표(연간지표)","  국내총생산(명목성장률)","%","원자료","9.9","5.0","3.9","4.4","4.3","6.2","5.3","5.5","3.8","1.7","0.9","8.0","4.7","3.4","6.5","4.4"
"2.1.1.1. 주요지표(연간지표)","    피용자보수","%","원자료","7.1","6.8","4.7","5.5","6.0","6.7","4.9","4.8","5.5","5.3","2.4","5.4","6.3","6.0","4.7","3.8"
"2.1.1.1. 주요지표(연간지표)","    총영업잉여","%","원자료","12.1","3.6","3.4","4.3","2.7","5.7","5.4","6.2","2.3","-1.9","-1.4","10.2","3.4","2.9","8.6","5.5"
"2.1.1.1. 주요지표(연간지표)","    순생산 및 수입세","%","원자료","11.8","3.9","2.4","0.1","4.3","7.0","6.8","5.6","2.6","1.4","3.9","11.8","3.0","-7.6","5.9","1.9"
"2.1.1.1. 주요지표(연간지표)","  농림어업(생산구조-명목)","%","원자료","2.2","2.3","2.3","2.2","2.1","2.1","1.9","1.9","1.7","1.6","1.7","1.8","1.6","1.6","1.5","1.5"
"2.1.1.1. 주요지표(연간지표)","  광공업","%","원자료","30.9","31.8","31.5","31.5","30.8","30.3","30.1","30.6","30.3","28.7","28.1","28.8","29.0","27.5","28.8","29.9"
"2.1.1.1. 주요지표(연간지표)","  (제조업)","%","원자료","30.8","31.6","31.3","31.3","30.7","30.2","29.9","30.5","30.2","28.6","28.0","28.7","28.9","27.4","28.8","29.9"
"2.1.1.1. 주요지표(연간지표)","  전기, 가스 및 수도사업","%","원자료","2.0","1.7","1.8","2.0","2.4","2.7","2.8","2.4","2.0","2.0","2.4","1.8","0.8","1.9","2.6","2.8"
"2.1.1.1. 주요지표(연간지표)","  건설업","%","원자료","4.8","4.6","4.6","4.7","4.8","5.1","5.5","5.8","5.7","5.8","5.8","5.6","5.7","5.6","5.2","4.6"
"2.1.1.1. 주요지표(연간지표)","  서비스업","%","원자료","60.1","59.7","59.9","59.6","59.9","59.8","59.8","59.4","60.2","61.8","62.0","62.0","63.0","63.4","61.8","61.2"
"2.1.1.1. 주요지표(연간지표)","  최종소비지출(지출구조-명목)","%","원자료","64.7","65.9","66.3","65.8","65.6","64.1","63.7","63.5","64.6","66.2","64.8","64.1","66.6","67.8","66.0","65.6"
"2.1.1.1. 주요지표(연간지표)","    민간","%","원자료","51.2","52.1","52.3","51.5","51.1","49.8","49.2","49.0","49.4","50.1","47.8","47.1","49.0","50.0","48.6","48.1"
"2.1.1.1. 주요지표(연간지표)","    정부","%","원자료","13.5","13.7","14.0","14.3","14.5","14.3","14.4","14.6","15.1","16.1","17.0","17.0","17.6","17.8","17.5","17.5"
"2.1.1.1. 주요지표(연간지표)","  총고정자본형성","%","원자료","30.5","30.6","29.9","29.2","29.2","29.2","29.9","31.7","30.5","30.1","31.0","31.4","31.8","31.4","30.2","28.4"
"2.1.1.1. 주요지표(연간지표)","  재화와 서비스의 수출","%","원자료","45.3","51.3","52.0","49.2","45.8","41.0","38.1","38.8","39.5","37.0","34.6","39.6","45.5","41.3","44.6","46.0"
"2.1.1.1. 주요지표(연간지표)","  (공제)재화와 서비스의 수입","%","원자료","42.8","50.4","49.5","44.9","41.1","34.4","31.8","34.3","35.3","34.4","30.9","36.3","45.5","40.8","40.5","40.5"
"2.1.1.1. 주요지표(연간지표)","  총본원소득(GNI)의분배","","원자료","","","","","","","","","","","","","","","",""
"2.1.1.1. 주요지표(연간지표)","    요소소득별","","원자료","","","","","","","","","","","","","","","",""
"2.1.1.1. 주요지표(연간지표)","      피용자보수","%","원자료","42.7","43.3","43.5","44.1","44.8","45.1","44.9","44.6","45.3","46.7","47.5","46.2","46.8","47.8","47.0","46.7"
"2.1.1.1. 주요지표(연간지표)","      기업 및 재산소득","%","원자료","29.8","28.9","28.5","28.2","27.4","27.3","27.6","27.9","26.9","24.7","22.9","23.8","22.2","21.7","22.8","23.2"
"2.1.1.1. 주요지표(연간지표)","      고정자본소모","%","원자료","17.9","18.4","18.8","18.8","18.8","18.6","18.5","18.4","18.8","19.6","20.4","20.5","21.6","22.1","21.9","22.0"
"2.1.1.1. 주요지표(연간지표)","      생산 및 수입세 (공제)보조금","%","원자료","9.5","9.4","9.2","8.9","8.9","9.0","9.1","9.1","9.0","8.9","9.2","9.5","9.3","8.3","8.3","8.1"
"2.1.1.1. 주요지표(연간지표)","    제도부문별","","원자료","","","","","","","","","","","","","","","",""
"2.1.1.1. 주요지표(연간지표)","      가계","%","원자료","59.9","60.4","60.7","61.0","61.6","61.9","61.1","60.1","60.8","62.2","62.3","60.4","60.7","62.5","61.4","60.7"
"2.1.1.1. 주요지표(연간지표)","      기업","%","원자료","27.6","27.2","27.3","27.2","26.7","26.3","27.0","27.7","27.0","25.5","25.2","26.7","26.3","25.3","26.5","27.6"
"2.1.1.1. 주요지표(연간지표)","      정부","%","원자료","12.4","12.4","12.0","11.8","11.7","11.8","12.0","12.2","12.2","12.3","12.5","12.9","13.0","12.2","12.1","11.7"
"2.1.1.1. 주요지표(연간지표)","    요소소득별","","원자료","","","","","","","","","","","","","","","",""
"2.1.1.1. 주요지표(연간지표)","      피용자보수","%","원자료","42.9","43.4","43.6","44.1","44.9","45.2","45.0","44.7","45.5","46.9","47.5","46.3","46.9","48.0","47.2","46.9"
"2.1.1.1. 주요지표(연간지표)","      기업 및 재산소득","%","원자료","29.9","29.0","28.6","28.3","27.5","27.4","27.6","28.0","27.0","24.8","23.0","23.9","22.3","21.8","22.9","23.3"
"2.1.1.1. 주요지표(연간지표)","      고정자본소모","%","원자료","18.0","18.5","18.9","18.8","18.9","18.7","18.5","18.5","18.9","19.7","20.4","20.5","21.7","22.2","22.0","22.1"
"2.1.1.1. 주요지표(연간지표)","      생산 및 수입세 (공제)보조금","%","원자료","9.6","9.4","9.3","8.9","8.9","9.0","9.1","9.1","9.0","9.0","9.2","9.5","9.4","8.4","8.3","8.1"
"2.1.1.1. 주요지표(연간지표)","      국외순수취경상이전","%","원자료","-0.4","-0.3","-0.3","-0.2","-0.2","-0.2","-0.3","-0.3","-0.4","-0.3","-0.2","-0.3","-0.2","-0.3","-0.4","-0.4"
"2.1.1.1. 주요지표(연간지표)","    제도부문별","","원자료","","","","","","","","","","","","","","","",""
"2.1.1.1. 주요지표(연간지표)","      가계","%","원자료","55.6","55.8","55.8","55.9","56.4","56.7","55.4","54.1","54.6","55.9","57.4","54.9","55.4","56.5","56.0","55.7"
"2.1.1.1. 주요지표(연간지표)","      기업","%","원자료","23.7","23.0","23.2","23.2","22.8","22.6","23.3","23.9","22.6","21.5","22.5","23.5","22.1","21.5","23.7","24.1"
"2.1.1.1. 주요지표(연간지표)","      정부","%","원자료","20.6","21.2","21.0","20.9","20.8","20.7","21.4","22.0","22.9","22.5","20.1","21.6","22.5","21.9","20.3","20.2"
"2.1.1.1. 주요지표(연간지표)","  총조정처분가능소득의분배","","원자료","","","","","","","","","","","","","","","",""
"2.1.1.1. 주요지표(연간지표)","    제도부문별","","원자료","","","","","","","","","","","","","","","",""
"2.1.1.1. 주요지표(연간지표)","      가계","%","원자료","62.7","63.0","63.2","63.5","64.3","64.6","63.3","62.1","63.0","64.9","66.8","64.4","65.2","66.5","65.6","65.5"
"2.1.1.1. 주요지표(연간지표)","      기업","%","원자료","23.7","23.0","23.2","23.2","22.8","22.6","23.3","23.9","22.6","21.5","22.5","23.5","22.1","21.5","23.7","24.1"
"2.1.1.1. 주요지표(연간지표)","      정부","%","원자료","13.6","14.0","13.6","13.3","12.9","12.8","13.4","14.0","14.5","13.6","10.7","12.2","12.8","12.0","10.7","10.5"
"2.1.1.1. 주요지표(연간지표)","  피용자보수비율","%","원자료","58.9","60.0","60.4","61.0","62.0","62.3","62.0","61.5","62.8","65.4","67.4","66.0","67.8","68.8","67.4","66.8"
"2.1.1.1. 주요지표(연간지표)","    가계총처분가능소득","십억원","원자료","765,740.8","810,350.0","845,264.7","882,257.4","926,680.2","988,356.0","1,015,405.5","1,046,674.9","1,095,456.0","1,147,008.9","1,188,519.6","1,230,115.3","1,302,267.7","1,375,617.9","1,450,565.1","1,507,977.1"
"2.1.1.1. 주요지표(연간지표)","    실질가계총처분가능소득","십억원","원자료","894,698.6","912,852.9","930,716.0","960,569.8","996,426.8","1,052,663.3","1,067,290.4","1,078,905.2","1,113,512.2","1,157,699.0","1,188,519.6","1,199,677.6","1,215,939.6","1,241,037.4","1,282,456.4","1,309,831.2"
"2.1.1.1. 주요지표(연간지표)","    가계총저축","십억원","원자료","66,744.5","64,283.2","71,249.9","83,967.8","100,476.3","131,415.5","125,086.2","113,591.4","116,851.1","139,588.4","219,386.5","198,337.9","175,682.8","183,734.8","217,668.7","228,172.4"
"2.1.1.1. 주요지표(연간지표)","  총저축률","%","원자료","35.1","34.3","34.2","34.5","34.6","35.9","36.4","36.5","35.5","34.2","35.6","36.4","34.1","32.9","34.7","35.1"
"2.1.1.1. 주요지표(연간지표)","    민간","%","원자료","28.1","26.8","27.1","27.8","28.3","29.6","29.4","29.1","27.7","27.6","32.4","31.7","29.0","28.6","31.6","32.2"
"2.1.1.1. 주요지표(연간지표)","    (가계 및 비영리단체)","%","원자료","4.8","4.4","4.7","5.3","6.1","7.5","6.8","5.9","5.8","6.8","10.6","8.9","7.5","7.6","8.4","8.4"
"2.1.1.1. 주요지표(연간지표)","    (기업)","%","원자료","23.2","22.4","22.4","22.5","22.2","22.0","22.6","23.2","21.9","20.8","21.8","22.8","21.5","21.0","23.2","23.8"
"2.1.1.1. 주요지표(연간지표)","    정부","%","원자료","7.1","7.5","7.1","6.7","6.3","6.3","7.0","7.4","7.7","6.6","3.3","4.8","5.1","4.3","3.1","2.9"
"2.1.1.1. 주요지표(연간지표)","  국내총투자율","%","원자료","32.9","33.2","31.0","29.8","29.7","29.3","30.0","31.9","31.2","31.0","31.3","32.3","33.2","31.3","29.5","28.6"
"2.1.1.1. 주요지표(연간지표)","  (국내총고정투자율)","%","원자료","30.5","30.5","29.6","29.1","29.1","29.2","29.8","31.7","30.5","30.0","30.8","31.2","31.5","31.1","29.9","28.1"
"2.1.1.1. 주요지표(연간지표)","  (가계순저축률)","%","원자료","2.7","2.1","2.6","3.7","5.0","7.5","6.5","5.0","4.8","6.2","11.9","9.5","7.1","7.0","8.5","8.6"
"2.1.1.1. 주요지표(연간지표)","수출입의 대 GNI 비율(명목)","%","원자료","91.9","105.0","104.3","97.2","90.0","78.1","72.8","76.1","78.1","74.9","68.6","79.8","95.2","87.1","90.1","91.5"
"2.1.1.1. 주요지표(연간지표)","  총수출","%","원자료","47.3","53.2","53.9","51.0","47.5","42.5","39.7","40.5","41.3","39.2","36.6","42.1","48.2","44.5","47.8","49.2"
"2.1.1.1. 주요지표(연간지표)","  (재화)","%","원자료","39.6","45.5","45.6","43.4","39.9","35.6","32.9","34.2","34.5","31.6","29.6","33.4","38.0","34.2","36.8","37.7"
"2.1.1.1. 주요지표(연간지표)","  (서비스)","%","원자료","5.6","5.5","5.9","5.6","5.7","5.3","5.1","4.5","4.8","5.2","4.7","5.9","6.9","6.6","7.2","7.6"
"2.1.1.1. 주요지표(연간지표)","  총수입","%","원자료","44.6","51.7","50.4","46.2","42.4","35.6","33.1","35.6","36.8","35.7","32.1","37.7","47.1","42.6","42.3","42.3"
"2.1.1.1. 주요지표(연간지표)","  (재화)","%","원자료","35.1","42.8","41.5","37.6","34.0","27.4","24.9","27.1","28.2","27.0","24.8","29.4","37.2","32.0","31.1","30.4"
"2.1.1.1. 주요지표(연간지표)","  (서비스)","%","원자료","7.6","7.3","7.5","7.1","6.9","6.9","6.8","7.1","6.9","7.1","5.8","6.5","7.7","8.3","8.8","9.5"
"2.1.1.1. 주요지표(연간지표)","GDP 디플레이터","2020=100","원자료","87.460","88.575","89.719","90.686","91.639","94.598","96.549","98.498","99.056","98.438","100.000","103.182","104.975","106.970","111.484","115.063"
"2.1.1.1. 주요지표(연간지표)","  (등락률)","%","원자료","2.7","1.3","1.3","1.1","1.1","3.2","2.1","2.0","0.6","-0.6","1.6","3.2","1.7","1.9","4.2","3.2"