통계표,계정항목,단위,변환,2025/08,2025/09,2025/10,2025/11,2025/12,2026/01,2026/02,2026/03,2026/04,2026/05,2026/06,2026/07,2026/08,2010,2011,2012,2013,2014,2015,2016,2017,2018,2019,2020,2021,2022,2023,2024,2025
"1.5.1.2. 주식시장(월,년)","  KOSPI_회사수","사","원자료","850","847","847","847","847","841","840","840","839","838","835","833","832","777","791","784","777","773","770","779","774","788","799","800","824","826","839","848","847"
"1.5.1.2. 주식시장(월,년)","  KOSPI_종목수","종목","원자료","961","958","958","958","958","951","950","950","949","948","945","943","943","927","938","930","918","899","887","896","887","901","916","917","943","943","953","961","958"
"1.5.1.2. 주식시장(월,년)","  KOSPI_상장주식수","주 ","원자료","64,086,244,318","63,694,964,624","63,593,145,976","63,598,471,277","63,571,156,892","63,585,656,786","63,457,276,337","63,841,747,097","63,496,519,146","60,372,538,907","60,023,774,548","59,667,707,400","59,021,549,477","33,706,254,753","35,402,934,249","35,823,033,471","35,217,293,192","36,142,636,820","38,278,300,789","41,031,721,448","42,497,825,451","52,094,789,048","55,322,658,427","56,609,043,184","61,992,915,470","63,527,818,543","62,263,359,599","63,394,324,571","63,571,156,892"
"1.5.1.2. 주식시장(월,년)","  KOSPI_시가총액","천원","원자료","2,619,011,116,579","2,817,769,969,229","3,383,447,874,400","3,235,761,043,400","3,477,839,534,743","4,318,647,135,951","5,146,373,107,792","4,159,085,895,028","5,407,467,825,453","6,933,143,272,190","6,929,540,848,101","5,445,193,657,915","5,620,144,799,211","1,141,885,458,029","1,041,999,162,203","1,154,294,166,644","1,185,973,723,791","1,192,252,867,277","1,242,832,089,301","1,308,440,373,892","1,605,820,911,910","1,343,971,857,986","1,475,909,365,806","1,980,543,161,609","2,203,366,545,862","1,767,235,220,931","2,126,372,515,851","1,963,328,801,432","3,477,839,534,743"
"1.5.1.2. 주식시장(월,년)","  KOSPI_거래량","주 ","원자료","6,355,223,036","8,198,286,762","8,657,081,816","7,295,808,060","8,409,731,955","11,550,206,651","17,823,585,784","23,260,800,947","20,838,015,789","12,578,290,540","10,290,333,156","9,512,544,956","6,478,328,939","95,595,708,006","87,732,413,177","120,646,923,380","81,096,386,463","68,130,089,442","112,903,398,973","92,686,041,092","82,731,069,300","97,105,193,258","115,797,793,783","222,023,578,711","257,790,857,623","146,418,394,369","131,861,430,084","118,795,711,924","107,698,583,508"
"1.5.1.2. 주식시장(월,년)","  KOSPI_거래대금","천원","원자료","207,859,539,786","254,193,390,633","325,508,606,865","348,668,626,302","302,753,840,198","568,178,527,975","547,974,069,584","633,002,902,926","650,114,842,572","903,865,728,691","1,057,289,779,214","811,259,609,768","516,920,545,474","1,410,561,812,868","1,702,060,329,049","1,196,263,410,416","986,375,266,094","975,977,127,309","1,327,229,926,762","1,112,668,732,271","1,294,159,776,904","1,597,863,883,836","1,227,492,514,340","3,025,703,417,070","3,825,207,586,442","2,216,065,829,785","2,352,658,889,312","2,620,939,577,403","3,000,843,161,027"
"1.5.1.2. 주식시장(월,년)","  KOSPI_거래량 일평균","주 ","원자료","317,761,152","372,649,398","480,948,990","364,790,403","400,463,426","550,009,841","1,048,446,223","1,107,657,188","947,182,536","698,793,919","490,015,865","432,388,407","323,916,447","380,859,394","353,759,731","486,479,530","328,325,451","278,081,998","455,255,641","376,772,525","340,457,075","397,972,104","470,722,739","895,256,366","1,039,479,265","595,196,725","538,209,919","486,867,672","445,035,469"
"1.5.1.2. 주식시장(월,년)","  KOSPI_거래대금 일평균","천원","원자료","10,392,976,989","11,554,245,029","18,083,811,492","17,433,431,315","14,416,849,533","27,056,120,380","32,233,768,799","30,142,995,377","29,550,674,662","50,214,762,705","50,347,132,344","36,875,436,808","25,846,027,274","5,619,768,179","6,863,146,488","4,823,642,784","3,993,422,130","3,983,580,111","5,351,733,576","4,523,043,627","5,325,760,399","6,548,622,475","4,989,806,969","12,200,417,004","15,424,224,139","9,008,397,682","9,602,689,344","10,741,555,645","12,400,178,351"
"1.5.1.2. 주식시장(월,년)","  KOSPI_종가","1980.01.04=100 ","원자료","3,186.01","3,424.60","4,107.50","3,926.59","4,214.17","5,224.36","6,244.13","5,052.46","6,598.87","8,476.15","8,476.48","6,595.45","6,820.02","2,051.00","1,825.74","1,997.05","2,011.34","1,915.59","1,961.31","2,026.46","2,467.49","2,041.04","2,197.67","2,873.47","2,977.65","2,236.40","2,655.28","2,399.49","4,214.17"
"1.5.1.2. 주식시장(월,년)","  KOSPI_평균","1980.01.04=100 ","원자료","3,183.79","3,352.56","3,808.59","4,012.46","4,088.04","4,807.38","5,575.40","5,524.28","6,061.49","7,705.07","8,468.80","7,000.54","6,633.05","1,764.99","1,983.42","1,930.37","1,960.50","1,982.16","2,011.85","1,987.00","2,311.36","2,325.01","2,106.05","2,220.07","3,111.31","2,522.25","2,498.85","2,632.17","3,113.76"
"1.5.1.2. 주식시장(월,년)","  KOSPI_상장주식 회전율 1)","%","원자료","9.92","12.82","13.60","11.47","13.22","18.13","28.07","36.45","32.62","20.39","17.08","15.87","10.87","292.11","254.09","338.51","230.74","192.63","307.20","233.71","198.52","201.86","216.03","401.67","441.41","233.49","210.07","189.83","168.87"
"1.5.1.2. 주식시장(월,년)","  KOSPI_배당수익률 2)","%","원자료","1.72","1.60","1.34","1.40","1.30","1.05","0.88","1.09","0.84","0.75","0.75","0.96","0.93","1.12","1.54","1.33","1.14","1.13","1.33","1.52","1.36","1.93","2.02","1.48","1.82","2.22","1.83","2.06","1.30"
"1.5.1.2. 주식시장(월,년)","  KOSPI_주가이익비율 3)","배 ","원자료","14.57","15.81","18.97","18.12","17.56","21.84","26.04","21.01","27.36","32.28","23.06","18.03","18.64","17.80","10.90","12.92","14.95","15.32","15.07","13.92","12.99","9.58","18.20","29.47","12.72","10.76","19.36","12.66","17.56"
"1.5.1.2. 주식시장(월,년)","  KOSDAQ_회사수","사","원자료","1,802","1,802","1,798","1,808","1,827","1,820","1,817","1,819","1,820","1,819","1,821","1,817","1,820","1,029","1,031","1,005","1,009","1,061","1,152","1,209","1,267","1,323","1,405","1,468","1,532","1,611","1,702","1,781","1,827"
"1.5.1.2. 주식시장(월,년)","  KOSDAQ_종목수","종목","원자료","1,805","1,805","1,801","1,811","1,830","1,823","1,820","1,822","1,823","1,822","1,824","1,820","1,823","1,035","1,036","1,010","1,014","1,065","1,154","1,212","1,270","1,326","1,408","1,471","1,536","1,615","1,705","1,784","1,830"
"1.5.1.2. 주식시장(월,년)","  KOSDAQ_상장주식수","주 ","원자료","55,806,837,057","54,479,608,420","54,444,393,437","54,674,183,458","54,959,676,659","55,188,598,057","55,392,056,315","55,147,691,211","54,215,770,870","48,335,455,332","46,918,891,278","45,992,373,967","44,315,944,347","23,370,749,084","21,440,466,689","21,012,176,579","21,335,092,310","22,787,238,344","24,913,239,376","28,890,556,857","33,758,056,019","36,397,928,717","39,415,054,172","43,416,084,386","46,583,694,959","48,737,548,363","52,483,485,083","54,954,316,412","54,959,676,659"
"1.5.1.2. 주식시장(월,년)","  KOSDAQ_시가총액","천원","원자료","418,982,507,059","444,562,528,239","474,718,249,634","487,358,344,851","505,926,194,386","630,522,540,400","655,298,804,503","582,561,125,365","661,991,784,935","600,442,788,908","513,943,552,746","400,198,284,746","466,998,839,077","97,972,256,179","105,993,581,052","109,121,943,100","119,292,529,289","143,087,772,099","201,631,307,400","201,523,388,184","282,740,051,438","228,238,295,556","241,350,997,493","385,582,620,024","446,297,029,882","315,498,720,104","431,792,284,697","340,145,082,909","505,926,194,386"
"1.5.1.2. 주식시장(월,년)","  KOSDAQ_거래량","주 ","원자료","16,630,208,400","21,551,733,600","16,333,447,706","16,794,025,189","18,155,373,725","25,912,758,512","22,947,883,191","25,369,195,709","31,065,470,146","20,807,358,390","14,022,301,897","11,434,887,144","10,925,284,883","161,403,278,402","134,765,011,674","146,477,801,533","97,590,991,223","86,861,904,905","149,904,713,239","170,802,600,586","178,695,183,902","193,434,827,199","202,851,476,315","404,649,927,848","435,394,511,710","254,361,405,193","273,926,982,966","236,095,549,130","219,791,968,898"
"1.5.1.2. 주식시장(월,년)","  KOSDAQ_거래대금","천원","원자료","100,668,235,498","169,209,460,510","159,926,217,855","189,589,986,341","240,657,588,306","313,156,886,354","235,463,233,882","287,919,270,940","309,747,034,047","280,190,529,235","210,271,141,359","134,554,782,994","119,737,402,801","483,091,095,870","558,007,014,423","528,028,206,292","450,369,029,417","482,730,926,421","873,782,290,674","834,912,692,654","896,308,979,777","1,201,858,114,914","1,060,120,505,546","2,682,186,743,679","2,941,605,104,849","1,697,552,064,206","2,456,014,712,436","2,048,076,963,842","1,826,510,350,100"
"1.5.1.2. 주식시장(월,년)","  KOSDAQ_거래량 일평균","주 ","원자료","831,510,420","979,624,255","907,413,761","839,701,259","864,541,606","1,233,940,882","1,349,875,482","1,208,056,939","1,412,066,825","1,155,964,355","667,728,662","519,767,597","546,264,244","643,040,950","543,407,305","590,636,297","395,105,228","354,538,387","604,454,489","694,319,515","735,371,127","792,765,685","824,599,497","1,631,652,935","1,755,623,031","1,033,989,452","1,118,069,318","967,604,710","908,231,276"
"1.5.1.2. 주식시장(월,년)","  KOSDAQ_거래대금 일평균","천원","원자료","5,033,411,775","7,691,339,114","8,884,789,881","9,479,499,317","11,459,885,157","14,912,232,684","13,850,778,464","13,710,441,473","14,079,410,639","15,566,140,513","10,012,911,493","6,116,126,500","5,986,870,140","1,924,665,721","2,250,028,284","2,129,145,993","1,823,356,394","1,970,330,312","3,523,315,688","3,393,954,035","3,688,514,320","4,925,648,012","4,309,432,949","10,815,269,128","11,861,310,907","6,900,618,147","10,024,549,847","8,393,758,049","7,547,563,430"
"1.5.1.2. 주식시장(월,년)","  KOSDAQ_종가","1996.07.01=1000","원자료","796.91","841.99","900.42","912.67","925.47","1,149.44","1,192.78","1,052.39","1,192.35","1,074.80","916.18","719.76","834.29","510.69","500.18","496.32","499.99","542.97","682.35","631.44","798.42","675.65","669.83","968.42","1,033.98","679.29","866.57","678.19","925.47"
"1.5.1.2. 주식시장(월,년)","  KOSDAQ_평균","1996.07.01=1000","원자료","797.13","836.59","874.37","890.22","925.13","995.23","1,138.17","1,125.02","1,138.84","1,151.04","970.59","784.29","824.73","503.59","498.34","502.38","531.02","545.41","674.52","669.74","662.21","806.79","682.34","753.05","996.02","816.32","835.16","803.62","794.26"
"1.5.1.2. 주식시장(월,년)","  KOSDAQ_상장주식 회전율","%","원자료","29.90","39.07","29.97","30.77","33.15","46.98","41.52","45.93","56.28","40.57","29.37","24.64","24.07","687.43","598.93","686.55","467.11","399.42","633.60","647.86","572.66","556.69","540.71","976.34","966.59","539.55","541.92","432.78","398.20"