순서,KAIS검색힌트,왜이표본,sido,asset_type,tier,is_share,contract_date,price_만원,tx_lot,tx_road,gross,land_tx,reg_addr,reg_addr_road,n_range,n_exact,road_check,struct,reg_use,id,KAIS_실제지번,복원일치,메모
1,서울특별시 송파구 가락동 | 마스킹 1** | 오금로46길 | 연 208.72 | 대지 158.47 | 2021-08-27 | 171000만원,지분A1-연면적지문 오탐 여부,서울,commercial,A1,Y,2021-08-27,171000,1**,오금로46길,208.72,158.47,서울특별시 송파구 가락동 188-14번지,서울특별시 송파구 오금로46길 31 (가락동),1242,1,부분일치,벽돌구조,제2종근린생활시설,53564,동일,o,연면적불일치
2,서울특별시 은평구 불광동 | 마스킹 3** | 연서로 | 연 825.42 | 대지 86.0 | 2024-07-05 | 182000만원,지분A1-연면적지문 오탐 여부,서울,commercial,A1,Y,2024-07-05,182000,3**,연서로,825.42,86,서울특별시 은평구 불광동 319-14번지,서울특별시 은평구 연서로 254-15 (불광동),1235,1,부분일치,철근콘크리트구조,제2종근린생활시설,61036,동일,o,연면적불일치
3,서울특별시 도봉구 쌍문동 | 마스킹 7** | 도봉로 | 연 487.44 | 대지 212.75 | 2024-01-09 | 93000만원,지분A1-연면적지문 오탐 여부,서울,commercial,A1,Y,2024-01-09,93000,7**,도봉로,487.44,212.75,서울특별시 도봉구 쌍문동 716-37번지,서울특별시 도봉구 도봉로 613 (쌍문동),292,1,부분일치,철근콘크리트구조,숙박시설,62024,동일,o,연면적불일치
4,충청북도 청주시 흥덕구 봉명동 | 마스킹 2*** | 덕암로113번길 | 연 741.91 | 대지 333.13 | 2021-12-22 | 45200만원,지분A1-연면적지문 오탐 여부,충북,commercial,A1,Y,2021-12-22,45200,2***,덕암로113번길,741.91,333.13,충청북도 청주시 흥덕구 봉명동 2644번지,충청북도 청주시 흥덕구 덕암로113번길 23 (봉명동),1005,1,부분일치,일반철골구조,제1종근린생활시설,86755,동일,o,연면적불일치
5,충청북도 청주시 흥덕구 봉명동 | 마스킹 2*** | 백봉로 | 연 355.89 | 대지 104.25 | 2022-05-20 | 30000만원,지분A1-연면적지문 오탐 여부,충북,commercial,A1,Y,2022-05-20,30000,2***,백봉로,355.89,104.25,충청북도 청주시 흥덕구 봉명동 2683번지,충청북도 청주시 흥덕구 백봉로 237 (봉명동),1005,1,부분일치,철근콘크리트구조,제1종근린생활시설,88309,동일,o,연면적불일치
6,충청북도 충주시 연수동 | 마스킹 1*** | 갱고개로 | 연 738.97 | 대지 185.3 | 2022-05-04 | 50000만원,지분A1-연면적지문 오탐 여부,충북,commercial,A1,Y,2022-05-04,50000,1***,갱고개로,738.97,185.3,충청북도 충주시 연수동 1373번지,충청북도 충주시 갱고개로 173 (연수동),725,1,부분일치,철근콘크리트구조,제2종근린생활시설,88343,동일,o,연면적불일치
7,충청북도 청주시 흥덕구 봉명동 | 마스킹 2*** | 백봉로224번길 | 연 297.23 | 대지 41.89 | 2024-06-10 | 6500만원,지분A1-연면적지문 오탐 여부,충북,commercial,A1,Y,2024-06-10,6500,2***,백봉로224번길,297.23,41.89,충청북도 청주시 흥덕구 봉명동 2042번지,충청북도 청주시 흥덕구 백봉로224번길 6 (봉명동),1005,1,부분일치,철근콘크리트구조,제1종근린생활시설,89649,동일,o,연면적불일치
8,충청북도 청주시 흥덕구 가경동 | 마스킹 1*** | 장구봉로 | 연 662.94 | 대지 87.66 | 2025-02-06 | 24000만원,지분A1-연면적지문 오탐 여부,충북,commercial,A1,Y,2025-02-06,24000,1***,장구봉로,662.94,87.66,충청북도 청주시 흥덕구 가경동 1477-10번지,충청북도 청주시 흥덕구 장구봉로 19 (가경동),1333,1,부분일치,철근콘크리트구조,제2종근린생활시설,90470,동일,o,연면적불일치
9,서울특별시 송파구 가락동 | 마스킹 1** | 중대로 | 연 501.96 | 대지 701.0 | 2022-12-09 | 1350000만원,도로명불일치A1-필터후보,서울,factory,A1,N,2022-12-09,1350000,1**,중대로,501.96,701,서울특별시 송파구 가락동 114-8번지,서울특별시 송파구 송이로26길 16-60 (가락동),1242,1,불일치,철근콘크리트구조,제1종근린생활시설,116905,146-6,x,도로명 없음
10,서울특별시 강북구 미아동 | 마스킹 7** | 삼양로32가길 | 연 62.91 | 대지 205.0 | 2020-06-21 | 124000만원,도로명불일치A1-필터후보,서울,detached,A1,N,2020-06-21,124000,7**,삼양로32가길,62.91,205,서울특별시 강북구 미아동 791-324번지,서울특별시 강북구 삼양로64가길 5 (미아동),2242,1,불일치,벽돌구조,단독주택,966486,703-17,x,703-17은 현재 주소 없음
11,충청북도 충주시 호암동 | 마스킹 1** | 호암중앙2로 | 연 78.9 | 대지 139.0 | 2025-03-13 | 15238만원,도로명불일치A1-필터후보,충북,detached,A1,N,2025-03-13,15238,1**,호암중앙2로,78.9,139,충청북도 충주시 호암동 125-1번지,충청북도 충주시 호암중앙1로 11 (호암동),171,1,불일치,블록구조,제2종근린생활시설,421718,132-4,x,
12,서울특별시 용산구 이태원동 | 마스킹 2** | 소월로44길 | 연 101.32 | 대지 56.0 | 2021-01-22 | 74000만원,A1-후보많음-우연일치 위험,서울,detached,A1,N,2021-01-22,74000,2**,소월로44길,101.32,56,서울특별시 용산구 이태원동 258-301번지,서울특별시 용산구 소월로44길 2-16 (이태원동),1148,1,부분일치,벽돌구조,단독주택,300392,동일,o,
13,서울특별시 구로구 오류동 | 마스킹 * | 고척로 | 연 215.04 | 대지 103.0 | 2022-03-16 | 42000만원,A1-후보많음-우연일치 위험,서울,detached,A1,N,2022-03-16,42000,*,고척로,215.04,103,서울특별시 구로구 오류동 9-104번지,서울특별시 구로구 고척로 31 (오류동),388,1,부분일치,벽돌구조,단독주택,303936,동일,o,
14,서울특별시 동작구 사당동 | 마스킹 1** | 동작대로27마길 | 연 197.48 | 대지 132.0 | 2026-06-06 | 160000만원,A1-후보많음-우연일치 위험,서울,detached,A1,N,2026-06-06,160000,1**,동작대로27마길,197.48,132,서울특별시 동작구 사당동 142-29번지,서울특별시 동작구 동작대로27마길 12 (사당동),964,1,부분일치,벽돌구조,단독주택,771510,동일,o,
15,서울특별시 동작구 노량진동 | 마스킹 2** | 노량진로8가길 | 연 160.8 | 대지 112.0 | 2026-03-20 | 114500만원,A1-후보많음-우연일치 위험,서울,detached,A1,N,2026-03-20,114500,2**,노량진로8가길,160.8,112,서울특별시 동작구 노량진동 261-5번지,서울특별시 동작구 노량진로8가길 10 (노량진동),1651,1,부분일치,벽돌구조,단독주택,772599,동일,o,
16,서울특별시 강북구 수유동 | 마스킹 3* | 삼각산로36길 | 연 189.81 | 대지 116.7 | 2020-07-28 | 59750만원,A1-후보많음-우연일치 위험,서울,detached,A1,N,2020-07-28,59750,3*,삼각산로36길,189.81,116.7,서울특별시 강북구 수유동 39-34번지,서울특별시 강북구 삼각산로36길 24-1 (수유동),284,1,부분일치,철근콘크리트구조,단독주택,964810,동일,o,
17,충청북도 제천시 영천동 | 마스킹 1*** | 청풍호로5길 | 연 72.76 | 대지 127.0 | 2022-08-17 | 9900만원,A1-후보많음-우연일치 위험,충북,detached,A1,N,2022-08-17,9900,1***,청풍호로5길,72.76,127,충청북도 제천시 영천동 1970번지,충청북도 제천시 청풍호로5길 7 (영천동),377,1,부분일치,벽돌구조,단독주택,410841,동일,o,
18,충청북도 청주시 청원구 북이면 금암리 | 마스킹 2** | 의암로 | 연 396.0 | 대지 1226.0 | 2023-11-09 | 60000만원,A2-대지타이브레이크,충북,commercial,A2,N,2023-11-09,60000,2**,의암로,396,1226,충청북도 청주시 청원구 북이면 금암리 281번지,충청북도 청주시 청원구 의암로 186 (북이면 금암리),42,2,부분일치,일반철골구조,제2종근린생활시설,88769,동일,o,
19,충청북도 제천시 송학면 도화리 | 마스킹 3** | 도화로 | 연 145.8 | 대지 224.0 | 2026-03-11 | 15000만원,A2-대지타이브레이크,충북,commercial,A2,N,2026-03-11,15000,3**,도화로,145.8,224,충청북도 제천시 송학면 도화리 358번지,충청북도 제천시 도화로 230-12 (송학면 도화리),29,2,부분일치,벽돌구조,제1종근린생활시설,745459,동일,o,
20,충청북도 청주시 청원구 북이면 대율리 | 마스킹 1** | 팔결신대로 | 연 495.0 | 대지 1587.0 | 2026-02-02 | 83900만원,A2-대지타이브레이크,충북,commercial,A2,N,2026-02-02,83900,1**,팔결신대로,495,1587,충청북도 청주시 청원구 북이면 대율리 131-2번지,충청북도 청주시 청원구 팔결신대로 567-21 (북이면 대율리),45,13,부분일치,일반철골구조,제2종근린생활시설,745519,동일,o,
21,충청북도 제천시 봉양읍 옥전리 | 마스킹 8** | 옥전길 | 연 77.77 | 대지 368.0 | 2020-09-04 | 6800만원,A2-대지타이브레이크,충북,factory,A2,N,2020-09-04,6800,8**,옥전길,77.77,368,충청북도 제천시 봉양읍 옥전리 845번지,충청북도 제천시 옥전길 507 (봉양읍 옥전리),33,2,부분일치,경량철골구조,창고시설,850135,동일,o,
22,서울특별시 영등포구 당산동4가 | 마스킹 3* | 당산로40길 | 연 26.94 | 대지 53.6 | 2024-09-26 | 38100만원,공장A1-동여러개,서울,factory,A1,N,2024-09-26,38100,3*,당산로40길,26.94,53.6,서울특별시 영등포구 당산동4가 32-207번지,서울특별시 영등포구 당산로40길 14-2 (당산동4가),155,1,부분일치,블록구조,창고시설,117047,동일,o,
23,서울특별시 중구 충무로4가 | 마스킹 3* | 창경궁로1길 | 연 683.91 | 대지 312.1 | 2025-07-11 | 630000만원,공장A1-동여러개,서울,factory,A1,N,2025-07-11,630000,3*,창경궁로1길,683.91,312.1,서울특별시 중구 충무로4가 36-45번지,서울특별시 중구 창경궁로1길 34 (충무로4가),20,1,부분일치,벽돌구조,제2종근린생활시설,691819,동일,o,
24,충청북도 진천군 덕산읍 신척리 | 마스킹 1** | 한삼로 | 연 837.9 | 대지 7144.0 | 2022-05-10 | 126500만원,공장A1-동여러개,충북,factory,A1,N,2022-05-10,126500,1**,한삼로,837.9,7144,충청북도 진천군 덕산읍 신척리 159-1번지,충청북도 진천군 한삼로 226 (덕산읍 신척리),44,1,부분일치,일반철골구조,창고시설,128166,동일,o,
25,서울특별시 중구 초동 | 마스킹 1* | 충무로4길 | 연 841.18 | 대지 139.2 | 2023-08-21 | 568350만원,대조-A1소후보-도로일치,서울,commercial,A1,N,2023-08-21,568350,1*,충무로4길,841.18,139.2,서울특별시 중구 초동 18-12번지,서울특별시 중구 충무로4길 2 (초동),31,1,부분일치,철근콘크리트구조,업무시설,59066,동일,o,
26,서울특별시 종로구 연지동 | 마스킹 4* | 창경궁로16길 | 연 115.94 | 대지 62.2 | 2024-08-16 | 92000만원,대조-A1소후보-도로일치,서울,commercial,A1,N,2024-08-16,92000,4*,창경궁로16길,115.94,62.2,서울특별시 종로구 연지동 45번지,서울특별시 종로구 창경궁로16길 17 (연지동),7,1,부분일치,철근콘크리트구조,제1종근린생활시설,60729,동일,o,
27,충청북도 옥천군 군북면 막지리 | 마스킹 1** | 답양막지길 | 연 232.17 | 대지 503.0 | 2022-03-23 | 28700만원,대조-A1소후보-도로일치,충북,commercial,A1,N,2022-03-23,28700,1**,답양막지길,232.17,503,충청북도 옥천군 군북면 막지리 172-3번지,충청북도 옥천군 답양막지길 159-21 (군북면 막지리),8,1,부분일치,경량철골구조,제1종근린생활시설,88467,동일,o,
28,충청북도 청주시 청원구 오창읍 성산리 | 마스킹 2* | 두릉유리로 | 연 548.84 | 대지 3708.0 | 2020-05-28 | 110940만원,대조-A1소후보-도로일치,충북,commercial,A1,N,2020-05-28,110940,2*,두릉유리로,548.84,3708,충청북도 청주시 청원구 오창읍 성산리 27-6번지,충청북도 청주시 청원구 두릉유리로 796-16 (오창읍 성산리),4,1,부분일치,일반철골구조,공장,833906,동일,o,
