sido_code,sido_name,sigungu_code,sigungu_name,land_category,region_type,n,area_p10,area_p50,area_p75,area_p90,p90_p50,n_ge_300,n_ge_500,n_ge_1000,n_ge_3000,n_ge_5000,n_dongs,dong_n_median,eligible,gate_reasons,n_tier,b_preview
11,서울특별시,11110,종로구,대,metro_gu,757,3.3,34.9,119.0,315.36,9.0361,79,46,13,4,3,70,6.0,True,[],better,B_skip
11,서울특별시,11110,종로구,전,metro_gu,38,15.1,189.0,376.25,1921.2,10.1651,13,9,6,4,1,4,10.5,False,['no_gate_for_type_jimok'],exclude,B_skip
11,서울특별시,11140,중구,대,metro_gu,771,2.4,19.0,62.65,135.5,7.1316,28,11,4,1,0,60,5.0,False,['metro_width'],better,B_skip
11,서울특별시,11170,용산구,대,metro_gu,747,3.0,21.0,86.0,236.14,11.2448,54,26,3,0,0,31,8.0,True,[],better,B_ok
11,서울특별시,11170,용산구,전,metro_gu,26,13.45,277.5,1390.25,2904.5,10.4667,13,12,9,3,0,3,4.0,False,['no_gate_for_type_jimok'],exclude,B_skip
11,서울특별시,11200,성동구,답,metro_gu,5,321.0,742.0,812.0,865.4,1.1663,5,3,0,0,0,1,5.0,False,['no_gate_for_type_jimok'],exclude,B_skip
11,서울특별시,11200,성동구,대,metro_gu,234,6.63,43.0,138.1,330.42,7.6842,28,14,8,3,1,14,15.0,True,[],good,B_ok
11,서울특별시,11200,성동구,전,metro_gu,22,13.4,41.5,92.0,222.8,5.3687,1,1,0,0,0,3,2.0,False,['no_gate_for_type_jimok'],exclude,B_skip
11,서울특별시,11215,광진구,대,metro_gu,112,9.1,114.65,167.05,329.99,2.8782,17,6,6,2,1,7,15.0,False,['n<150'],ok,B_ok
11,서울특별시,11230,동대문구,답,metro_gu,1,10.0,10.0,10.0,10.0,1.0,0,0,0,0,0,1,1.0,False,['no_gate_for_type_jimok'],exclude,B_skip
11,서울특별시,11230,동대문구,대,metro_gu,316,5.0,33.53,91.05,160.05,4.7733,15,9,4,1,0,10,27.0,False,['metro_width'],better,B_ok
11,서울특별시,11230,동대문구,전,metro_gu,2,7.3,8.5,9.25,9.7,1.1412,0,0,0,0,0,2,1.0,False,['no_gate_for_type_jimok'],exclude,B_skip
11,서울특별시,11260,중랑구,답,metro_gu,4,40.4,216.5,337.75,349.9,1.6162,2,0,0,0,0,2,2.0,False,['no_gate_for_type_jimok'],exclude,B_skip
11,서울특별시,11260,중랑구,대,metro_gu,112,6.16,111.85,173.225,354.7,3.1712,16,5,4,1,0,6,23.0,False,['n<150'],ok,B_ok
11,서울특별시,11260,중랑구,전,metro_gu,11,99.0,271.0,1012.5,2955.0,10.9041,5,5,3,0,0,2,5.5,False,['no_gate_for_type_jimok'],exclude,B_skip
11,서울특별시,11290,성북구,답,metro_gu,2,119.6,134.0,143.0,148.4,1.1075,0,0,0,0,0,2,1.0,False,['no_gate_for_type_jimok'],exclude,B_skip
11,서울특별시,11290,성북구,대,metro_gu,547,4.0,44.0,117.5,221.8,5.0409,37,14,2,0,0,30,4.0,True,[],better,B_skip
11,서울특별시,11290,성북구,전,metro_gu,9,6.2,36.0,79.0,211.716,5.881,1,0,0,0,0,4,1.0,False,['no_gate_for_type_jimok'],exclude,B_skip
11,서울특별시,11305,강북구,대,metro_gu,225,4.0,40.0,100.2,167.4,4.185,9,2,0,0,0,4,38.0,False,['metro_width'],good,B_skip
11,서울특별시,11305,강북구,전,metro_gu,3,42.0,98.0,220.0,293.2,2.9918,1,0,0,0,0,2,1.5,False,['no_gate_for_type_jimok'],exclude,B_skip
11,서울특별시,11320,도봉구,답,metro_gu,12,10.1,182.5,373.0,473.8,2.5962,4,1,0,0,0,4,1.0,False,['no_gate_for_type_jimok'],exclude,B_skip
11,서울특별시,11320,도봉구,대,metro_gu,89,4.6,56.0,142.0,273.76,4.8886,8,4,1,0,0,4,23.0,False,"['n<150', 'metro_width']",ok,B_skip
11,서울특별시,11320,도봉구,전,metro_gu,39,17.4,238.0,646.5,991.2,4.1647,16,14,4,1,0,3,17.0,False,['no_gate_for_type_jimok'],exclude,B_skip
11,서울특별시,11350,노원구,답,metro_gu,1,198.0,198.0,198.0,198.0,1.0,0,0,0,0,0,1,1.0,False,['no_gate_for_type_jimok'],exclude,B_skip
11,서울특별시,11350,노원구,대,metro_gu,147,14.0,99.3,155.8,252.86,2.5464,12,9,3,1,1,5,11.0,False,"['n<150', 'metro_width']",ok,B_ok
11,서울특별시,11350,노원구,전,metro_gu,3,172.8,320.0,507.0,619.2,1.935,2,1,0,0,0,2,1.5,False,['no_gate_for_type_jimok'],exclude,B_skip
11,서울특별시,11380,은평구,답,metro_gu,8,220.5,708.0,1087.0,3039.91,4.2937,6,5,3,1,1,1,8.0,False,['no_gate_for_type_jimok'],exclude,B_skip
11,서울특별시,11380,은평구,대,metro_gu,255,5.4,71.8,164.2,275.8,3.8412,22,7,5,1,1,11,15.0,False,['metro_width'],good,B_ok
11,서울특별시,11380,은평구,전,metro_gu,15,28.0,122.0,626.0,901.0,7.3852,6,6,2,0,0,2,7.5,False,['no_gate_for_type_jimok'],exclude,B_skip
11,서울특별시,11410,서대문구,답,metro_gu,1,94.0,94.0,94.0,94.0,1.0,0,0,0,0,0,1,1.0,False,['no_gate_for_type_jimok'],exclude,B_skip
11,서울특별시,11410,서대문구,대,metro_gu,397,3.0,30.0,91.0,201.4,6.7133,20,8,2,1,0,20,9.0,False,['metro_width'],better,B_ok
11,서울특별시,11410,서대문구,전,metro_gu,4,31.1,59.5,75.0,85.8,1.442,0,0,0,0,0,1,4.0,False,['no_gate_for_type_jimok'],exclude,B_skip
11,서울특별시,11440,마포구,답,metro_gu,6,6.0,366.0,513.75,566.0,1.5464,3,2,0,0,0,3,2.0,False,['no_gate_for_type_jimok'],exclude,B_skip
11,서울특별시,11440,마포구,대,metro_gu,290,7.0,49.35,133.2,301.13,6.1019,33,15,4,0,0,24,10.5,True,[],good,B_ok
11,서울특별시,11440,마포구,전,metro_gu,6,9.0,75.5,91.0,99.0,1.3113,0,0,0,0,0,4,1.5,False,['no_gate_for_type_jimok'],exclude,B_skip
11,서울특별시,11470,양천구,대,metro_gu,72,13.1,102.0,225.25,889.79,8.7234,14,11,6,1,0,3,13.0,False,['n<150'],note,B_skip
11,서울특별시,11470,양천구,전,metro_gu,2,10.6,25.0,34.0,39.4,1.576,0,0,0,0,0,2,1.0,False,['no_gate_for_type_jimok'],exclude,B_skip
11,서울특별시,11500,강서구,답,metro_gu,91,598.0,2145.0,2605.0,3947.0,1.8401,84,82,75,18,2,6,7.5,False,['no_gate_for_type_jimok'],ok,B_skip
11,서울특별시,11500,강서구,대,metro_gu,152,14.3,118.0,264.25,377.6,3.2,28,11,1,1,1,10,7.0,True,[],good,B_skip
11,서울특별시,11500,강서구,전,metro_gu,46,9.5,1187.0,2181.75,3437.5,2.896,32,31,27,6,0,9,3.0,False,['no_gate_for_type_jimok'],exclude,B_skip
11,서울특별시,11530,구로구,답,metro_gu,41,54.0,324.0,1552.0,2774.0,8.5617,21,18,13,4,1,5,1.0,False,['no_gate_for_type_jimok'],exclude,B_skip
11,서울특별시,11530,구로구,대,metro_gu,267,8.0,73.0,135.9,268.2,3.674,22,12,6,1,0,10,24.5,False,['metro_width'],good,B_ok
11,서울특별시,11530,구로구,전,metro_gu,47,10.6,132.0,462.0,1011.6,7.6636,16,12,5,0,0,7,4.0,False,['no_gate_for_type_jimok'],exclude,B_skip
11,서울특별시,11545,금천구,답,metro_gu,4,102.7,238.5,291.0,291.0,1.2201,0,0,0,0,0,2,2.0,False,['no_gate_for_type_jimok'],exclude,B_skip
11,서울특별시,11545,금천구,대,metro_gu,63,9.84,142.8,492.3,933.66,6.5382,20,14,6,3,3,3,20.0,False,['n<150'],note,B_skip
11,서울특별시,11560,영등포구,답,metro_gu,16,44.5,139.0,171.75,262.0,1.8849,1,1,0,0,0,2,8.0,False,['no_gate_for_type_jimok'],exclude,B_skip
11,서울특별시,11560,영등포구,대,metro_gu,266,3.0,33.3,111.925,226.85,6.8123,23,14,7,1,1,25,6.0,False,['metro_width'],good,B_skip
11,서울특별시,11560,영등포구,전,metro_gu,4,10.9,17.5,33.0,52.8,3.0171,0,0,0,0,0,2,2.0,False,['no_gate_for_type_jimok'],exclude,B_skip
11,서울특별시,11590,동작구,답,metro_gu,5,8.2,17.0,50.0,73.4,4.3176,0,0,0,0,0,4,1.0,False,['no_gate_for_type_jimok'],exclude,B_skip
11,서울특별시,11590,동작구,대,metro_gu,607,3.0,27.0,93.0,178.4,6.6074,22,9,3,1,1,9,42.0,False,['metro_width'],better,B_ok
11,서울특별시,11590,동작구,전,metro_gu,5,13.0,17.0,23.0,54.8,3.2235,0,0,0,0,0,3,1.0,False,['no_gate_for_type_jimok'],exclude,B_skip
11,서울특별시,11620,관악구,답,metro_gu,5,44.8,89.0,96.0,97.8,1.0989,0,0,0,0,0,2,2.5,False,['no_gate_for_type_jimok'],exclude,B_skip
11,서울특별시,11620,관악구,대,metro_gu,241,8.4,103.0,164.6,302.8,2.9398,25,5,2,0,0,3,106.0,True,[],good,B_skip
11,서울특별시,11620,관악구,전,metro_gu,3,56.6,63.0,111.0,139.8,2.219,0,0,0,0,0,2,1.5,False,['no_gate_for_type_jimok'],exclude,B_skip
11,서울특별시,11650,서초구,답,metro_gu,35,79.6,835.0,1263.0,2091.2,2.5044,26,23,15,1,0,7,4.0,False,['no_gate_for_type_jimok'],exclude,B_skip
11,서울특별시,11650,서초구,대,metro_gu,258,13.832,210.85,399.75,864.18,4.0986,95,47,20,0,0,10,13.0,True,[],good,B_ok
11,서울특별시,11650,서초구,전,metro_gu,81,128.0,678.0,1258.0,1851.0,2.7301,60,49,27,3,0,6,11.5,False,['no_gate_for_type_jimok'],ok,B_ok
11,서울특별시,11680,강남구,답,metro_gu,12,97.0,372.0,738.5,1412.3,3.7965,7,4,2,0,0,5,3.0,False,['no_gate_for_type_jimok'],exclude,B_skip
11,서울특별시,11680,강남구,대,metro_gu,269,103.78,269.6,434.2,751.72,2.7883,123,55,20,8,1,13,10.0,True,[],good,B_ok
11,서울특별시,11680,강남구,전,metro_gu,12,23.7,158.0,275.0,717.2,4.5392,3,2,1,0,0,5,2.0,False,['no_gate_for_type_jimok'],exclude,B_skip
11,서울특별시,11710,송파구,답,metro_gu,9,119.2,414.0,1034.0,1470.2,3.5512,7,4,3,0,0,2,4.5,False,['no_gate_for_type_jimok'],exclude,B_skip
11,서울특별시,11710,송파구,대,metro_gu,133,22.824,212.8,294.9,430.8,2.0244,30,12,4,0,0,12,11.0,False,['n<150'],ok,B_ok
11,서울특별시,11710,송파구,전,metro_gu,20,65.2,416.5,610.0,757.1,1.8178,14,8,0,0,0,3,4.0,False,['no_gate_for_type_jimok'],exclude,B_skip
11,서울특별시,11740,강동구,답,metro_gu,17,23.8,473.0,918.0,1755.2,3.7108,9,7,4,0,0,4,3.5,False,['no_gate_for_type_jimok'],exclude,B_skip
11,서울특별시,11740,강동구,대,metro_gu,75,20.276,164.6,303.5,582.0,3.5358,21,9,5,0,0,8,6.5,False,['n<150'],note,B_skip
11,서울특별시,11740,강동구,전,metro_gu,28,131.9,550.5,944.25,1097.6,1.9938,19,15,6,1,0,7,3.0,False,['no_gate_for_type_jimok'],exclude,B_skip
12,전남광주통합특별시,12110,목포시,답,prov_city,105,38.0,625.0,1272.0,1821.4,2.9142,73,61,36,3,0,8,9.0,False,['p90_p50<3.0'],ok,B_ok
12,전남광주통합특별시,12110,목포시,대,prov_city,868,12.28,89.15,230.8,446.89,5.0128,141,79,31,10,4,44,5.0,True,[],better,B_skip
12,전남광주통합특별시,12110,목포시,전,prov_city,494,35.58,328.0,824.25,1668.26,5.0862,263,196,104,7,2,14,29.0,True,[],better,B_ok
12,전남광주통합특별시,12130,여수시,답,urban_rural,1944,106.9,795.0,1461.75,2085.13,2.6228,1493,1245,797,78,11,38,14.5,False,['p90_p50<3.0'],better,B_ok
12,전남광주통합특별시,12130,여수시,대,urban_rural,1329,17.0,169.0,298.0,523.04,3.0949,328,147,48,5,1,51,14.0,True,[],better,B_ok
12,전남광주통합특별시,12130,여수시,전,urban_rural,2547,100.0,655.0,1235.0,1884.0,2.8763,1819,1472,868,61,13,50,14.0,False,['p90_p50<3.0'],better,B_ok
12,전남광주통합특별시,12150,순천시,답,urban_rural,4965,137.4,992.0,1742.0,2738.0,2.7601,4018,3529,2471,342,18,38,31.0,False,['p90_p50<3.0'],better,B_ok
12,전남광주통합특별시,12150,순천시,대,urban_rural,1505,23.0,228.0,393.0,607.32,2.6637,566,248,26,5,2,43,21.0,True,[],better,B_ok
12,전남광주통합특별시,12150,순천시,전,urban_rural,2779,96.0,585.0,1043.5,1644.0,2.8103,1996,1552,752,68,24,38,19.0,False,['p90_p50<3.0'],better,B_ok
12,전남광주통합특별시,12170,나주시,답,urban_rural,6546,264.0,1344.0,2352.25,3304.0,2.4583,5801,5291,4026,968,134,39,27.0,False,['p90_p50<3.0'],better,B_ok
12,전남광주통합특별시,12170,나주시,대,urban_rural,1664,50.3,285.5,451.0,674.0,2.3608,781,324,72,10,4,46,9.0,False,['p90_p50<2.5'],better,B_ok
12,전남광주통합특별시,12170,나주시,전,urban_rural,3343,101.36,674.0,1277.5,2050.0,3.0415,2492,2031,1184,172,66,40,15.5,True,[],better,B_ok
12,전남광주통합특별시,12190,광양시,답,urban_rural,2427,124.2,811.0,1490.0,2274.4,2.8044,1843,1555,1027,65,3,16,62.5,False,['p90_p50<3.0'],better,B_ok
12,전남광주통합특별시,12190,광양시,대,urban_rural,1057,45.0,241.9,354.1,541.76,2.2396,384,121,23,4,2,15,60.0,False,['p90_p50<2.5'],better,B_ok
12,전남광주통합특별시,12190,광양시,전,urban_rural,1072,92.0,502.0,870.0,1408.9,2.8066,717,538,201,31,15,16,39.0,False,['p90_p50<3.0'],better,B_ok
12,전남광주통합특별시,12210,동구,답,metro_gu,47,94.0,651.0,1113.0,1956.6,3.0055,34,29,13,2,0,9,5.0,False,['no_gate_for_type_jimok'],exclude,B_skip
12,전남광주통합특별시,12210,동구,대,metro_gu,422,6.0,64.65,154.8,283.37,4.3831,39,17,8,1,1,26,7.0,True,[],better,B_skip
12,전남광주통합특별시,12210,동구,전,metro_gu,117,23.6,347.0,875.0,1656.0,4.7723,64,46,28,1,0,10,12.5,False,['no_gate_for_type_jimok'],ok,B_ok
12,전남광주통합특별시,12240,서구,답,metro_gu,238,68.7,742.5,1453.25,2967.1,3.9961,162,141,102,20,0,17,9.0,False,['no_gate_for_type_jimok'],good,B_ok
12,전남광주통합특별시,12240,서구,대,metro_gu,425,8.0,102.0,182.0,320.6,3.1431,45,17,6,2,0,17,12.0,True,[],better,B_ok
12,전남광주통합특별시,12240,서구,전,metro_gu,204,11.0,144.5,494.75,1090.1,7.5439,75,51,26,2,1,16,9.0,False,['no_gate_for_type_jimok'],good,B_ok
12,전남광주통합특별시,12270,남구,답,metro_gu,410,131.2,1274.5,2087.25,3309.2,2.5965,348,310,243,51,3,22,15.5,False,['no_gate_for_type_jimok'],better,B_ok
12,전남광주통합특별시,12270,남구,대,metro_gu,449,10.0,113.5,248.0,420.6,3.7057,87,37,7,2,2,30,8.0,True,[],better,B_ok
12,전남광주통합특별시,12270,남구,전,metro_gu,263,36.0,294.0,849.0,1398.0,4.7551,131,105,47,4,1,26,8.5,False,['no_gate_for_type_jimok'],good,B_ok
12,전남광주통합특별시,12300,북구,답,metro_gu,626,56.5,681.75,1441.75,2514.0,3.6876,451,360,243,41,0,31,18.0,False,['no_gate_for_type_jimok'],better,B_ok
12,전남광주통합특별시,12300,북구,대,metro_gu,599,10.9,162.0,301.0,508.6,3.1395,162,62,16,10,9,38,14.0,True,[],better,B_ok
12,전남광주통합특별시,12300,북구,전,metro_gu,408,31.7,364.0,909.0,1440.77,3.9582,224,177,91,4,0,34,9.5,False,['no_gate_for_type_jimok'],better,B_ok
12,전남광주통합특별시,12330,광산구,답,metro_gu,1485,147.2,1046.0,1983.0,2954.0,2.8241,1232,1094,776,128,13,72,17.5,False,['no_gate_for_type_jimok'],better,B_ok
12,전남광주통합특별시,12330,광산구,대,metro_gu,977,27.0,223.0,357.3,586.28,2.6291,328,142,31,10,4,71,5.0,True,[],better,B_skip
12,전남광주통합특별시,12330,광산구,전,metro_gu,833,83.2,532.0,1018.0,1649.2,3.1,546,441,223,22,8,69,8.0,False,['no_gate_for_type_jimok'],better,B_ok
12,전남광주통합특별시,12710,담양군,답,gun,3163,200.0,1253.0,2125.5,3000.0,2.3943,2720,2467,1859,397,14,12,265.5,False,['p90_p50<3.0'],better,B_ok
12,전남광주통합특별시,12710,담양군,대,gun,1026,27.0,265.0,445.5,627.0,2.366,467,211,32,2,0,12,65.5,True,[],better,B_ok
12,전남광주통합특별시,12710,담양군,전,gun,1769,98.6,555.0,1078.0,1617.6,2.9146,1198,936,501,31,15,12,137.5,False,['p90_p50<3.0'],better,B_ok
12,전남광주통합특별시,12720,곡성군,답,gun,3087,287.0,1359.0,2150.5,2971.0,2.1862,2766,2574,1991,271,14,11,277.0,False,['p90_p50<3.0'],better,B_ok
12,전남광주통합특별시,12720,곡성군,대,gun,712,39.1,249.0,377.75,555.9,2.2325,277,98,12,0,0,11,55.0,True,[],better,B_ok
12,전남광주통합특별시,12720,곡성군,전,gun,1623,136.2,675.0,1263.0,1876.04,2.7793,1239,1000,556,48,11,11,155.0,False,['p90_p50<3.0'],better,B_ok
12,전남광주통합특별시,12730,구례군,답,gun,2040,185.0,1180.0,2000.25,2964.3,2.5121,1710,1527,1150,169,7,8,267.5,False,['p90_p50<3.0'],better,B_ok
12,전남광주통합특별시,12730,구례군,대,gun,520,25.0,190.0,346.25,584.14,3.0744,163,68,6,1,0,8,52.5,True,[],better,B_ok
12,전남광주통합특별시,12730,구례군,전,gun,1016,101.5,492.5,909.75,1481.5,3.0081,698,502,214,27,6,8,117.0,True,[],better,B_ok
12,전남광주통합특별시,12740,고흥군,답,gun,6780,299.92,1461.05,2500.0,3976.11,2.7214,6102,5648,4453,1233,291,16,404.0,False,['p90_p50<3.0'],better,B_ok
12,전남광주통합특별시,12740,고흥군,대,gun,1767,30.54,222.0,360.0,549.0,2.473,624,212,43,2,2,16,105.5,True,[],better,B_ok
12,전남광주통합특별시,12740,고흥군,전,gun,5283,159.0,807.0,1322.0,1968.6,2.4394,4236,3577,2096,170,66,16,334.0,False,['p90_p50<3.0'],better,B_ok
12,전남광주통합특별시,12750,보성군,답,gun,5342,335.4,1590.0,2543.65,3255.7,2.0476,4857,4565,3776,795,127,12,353.5,False,['p90_p50<3.0'],better,B_ok
12,전남광주통합특별시,12750,보성군,대,gun,1222,49.0,263.5,432.65,677.0,2.5693,532,237,52,2,0,12,59.0,True,[],better,B_ok
12,전남광주통합특별시,12750,보성군,전,gun,2663,138.0,757.0,1363.0,2202.0,2.9089,2066,1697,1051,152,79,12,181.0,False,['p90_p50<3.0'],better,B_ok
12,전남광주통합특별시,12760,화순군,답,gun,3778,195.0,1160.1,1894.0,2853.3,2.4595,3236,2930,2142,282,16,13,281.0,False,['p90_p50<3.0'],better,B_ok
12,전남광주통합특별시,12760,화순군,대,gun,1102,23.0,240.5,406.95,574.95,2.3906,443,180,27,2,2,13,78.0,True,[],better,B_ok
12,전남광주통합특별시,12760,화순군,전,gun,2679,120.0,691.0,1210.0,1861.0,2.6932,1990,1634,900,76,29,13,232.0,False,['p90_p50<3.0'],better,B_ok
12,전남광주통합특별시,12770,장흥군,답,gun,4584,397.3,1765.25,2646.225,3517.7,1.9927,4220,4024,3376,783,81,10,418.0,False,['p90_p50<3.0'],better,B_ok
12,전남광주통합특별시,12770,장흥군,대,gun,1036,46.0,232.5,399.625,601.0,2.5849,400,156,16,0,0,10,102.0,True,[],better,B_ok
12,전남광주통합특별시,12770,장흥군,전,gun,2035,149.0,724.0,1287.5,1862.8,2.5729,1584,1307,743,59,24,10,175.5,False,['p90_p50<3.0'],better,B_ok
12,전남광주통합특별시,12780,강진군,답,gun,4562,493.0,1924.0,2853.6,3128.9,1.6262,4286,4097,3557,791,175,11,493.0,False,['p90_p50<3.0'],better,B_ok
12,전남광주통합특별시,12780,강진군,대,gun,790,30.0,240.35,397.0,643.23,2.6762,318,138,28,1,1,11,67.0,True,[],better,B_ok
12,전남광주통합특별시,12780,강진군,전,gun,1526,144.0,743.0,1286.75,1905.0,2.5639,1193,990,566,47,19,11,150.0,False,['p90_p50<3.0'],better,B_ok
12,전남광주통합특별시,12790,해남군,답,gun,8760,417.0,1885.0,2960.625,4000.0,2.122,8159,7708,6562,2003,531,14,635.0,False,['p90_p50<3.0'],better,B_ok
12,전남광주통합특별시,12790,해남군,대,gun,1939,50.8,301.0,483.0,721.8,2.398,974,440,84,16,12,14,136.5,True,[],better,B_ok
12,전남광주통합특별시,12790,해남군,전,gun,7069,239.9,1180.0,1986.0,3114.0,2.639,6186,5543,4073,778,264,14,460.5,False,['p90_p50<3.0'],better,B_ok
12,전남광주통합특별시,12800,영암군,답,gun,6134,409.3,1815.0,2985.0,4751.8,2.6181,5709,5375,4504,1510,502,11,528.0,False,['p90_p50<3.0'],better,B_ok
12,전남광주통합특별시,12800,영암군,대,gun,1274,60.0,281.0,482.125,742.8,2.6434,605,295,52,6,3,11,83.0,True,[],better,B_ok
12,전남광주통합특별시,12800,영암군,전,gun,3498,155.0,854.0,1439.0,2162.0,2.5316,2795,2395,1488,188,84,11,245.0,False,['p90_p50<3.0'],better,B_ok
12,전남광주통합특별시,12810,무안군,답,gun,4527,340.0,1679.0,2706.0,4154.8,2.4746,4131,3871,3226,923,282,9,484.0,False,['p90_p50<3.0'],better,B_ok
12,전남광주통합특별시,12810,무안군,대,gun,1350,53.0,307.45,478.825,688.0,2.2378,689,314,44,6,2,9,142.0,True,[],better,B_ok
12,전남광주통합특별시,12810,무안군,전,gun,5784,145.0,991.85,1696.25,2780.94,2.8038,4746,4159,2832,472,134,9,495.0,False,['p90_p50<3.0'],better,B_ok
12,전남광주통합특별시,12820,함평군,답,gun,3904,322.86,1615.5,2585.0,3244.97,2.0086,3532,3300,2746,613,57,9,434.0,False,['p90_p50<3.0'],better,B_ok
12,전남광주통합특별시,12820,함평군,대,gun,1201,42.0,311.0,510.6,731.0,2.3505,624,320,43,3,3,9,130.0,True,[],better,B_ok
12,전남광주통합특별시,12820,함평군,전,gun,2716,139.0,851.5,1501.0,2252.0,2.6447,2182,1866,1178,128,43,9,253.0,False,['p90_p50<3.0'],better,B_ok
12,전남광주통합특별시,12830,영광군,답,gun,4144,460.3,2030.6,3282.85,4027.92,1.9836,3872,3695,3212,1251,173,10,379.5,False,['p90_p50<3.0'],better,B_ok
12,전남광주통합특별시,12830,영광군,대,gun,1444,66.3,341.0,535.25,783.0,2.2962,804,407,89,1,0,11,126.0,True,[],better,B_ok
12,전남광주통합특별시,12830,영광군,전,gun,2917,165.6,889.0,1495.0,2318.6,2.6081,2387,2039,1302,169,56,11,269.0,False,['p90_p50<3.0'],better,B_ok
12,전남광주통합특별시,12840,장성군,답,gun,3470,233.9,1363.95,2267.7,3002.0,2.201,3044,2760,2156,412,24,11,316.0,False,['p90_p50<3.0'],better,B_ok
12,전남광주통합특별시,12840,장성군,대,gun,974,32.0,246.5,442.75,640.8,2.5996,423,184,29,7,6,11,72.0,True,[],better,B_ok
12,전남광주통합특별시,12840,장성군,전,gun,2113,96.0,531.0,1058.0,1641.6,3.0915,1443,1106,586,58,25,11,220.0,True,[],better,B_ok
12,전남광주통합특별시,12850,완도군,답,gun,1885,192.6,972.0,1843.0,2948.0,3.0329,1598,1374,924,181,64,12,152.5,True,[],better,B_ok
12,전남광주통합특별시,12850,완도군,대,gun,1063,30.0,185.0,307.5,460.0,2.4865,284,87,11,0,0,12,92.0,True,[],better,B_ok
12,전남광주통합특별시,12850,완도군,전,gun,2364,147.3,804.0,1329.0,1914.6,2.3813,1857,1573,939,65,16,12,176.0,False,['p90_p50<3.0'],better,B_ok
12,전남광주통합특별시,12860,진도군,답,gun,3079,418.94,1922.2,2991.5,3998.3,2.0801,2848,2718,2327,759,133,7,453.0,False,['p90_p50<3.0'],better,B_ok
12,전남광주통합특별시,12860,진도군,대,gun,706,39.0,225.0,354.0,508.2,2.2587,246,76,9,0,0,7,91.0,True,[],better,B_ok
12,전남광주통합특별시,12860,진도군,전,gun,2719,217.4,1131.0,1782.0,2579.0,2.2803,2358,2113,1513,182,41,7,378.0,False,['p90_p50<3.0'],better,B_ok
12,전남광주통합특별시,12870,신안군,답,gun,4656,232.0,1500.0,2790.0,4000.0,2.6667,4075,3785,3068,1000,249,14,294.5,False,['p90_p50<3.0'],better,B_ok
12,전남광주통합특별시,12870,신안군,대,gun,1071,60.0,281.0,423.0,569.0,2.0249,497,165,12,1,1,14,66.0,True,[],better,B_ok
12,전남광주통합특별시,12870,신안군,전,gun,5193,201.0,1056.2,1754.0,2762.6,2.6156,4428,3948,2738,430,126,14,236.0,False,['p90_p50<3.0'],better,B_ok
26,부산광역시,26110,중구,대,metro_gu,110,3.27,26.7,75.5,252.94,9.4734,8,2,0,0,0,26,2.0,False,"['n<150', 'metro_width']",ok,B_skip
26,부산광역시,26140,서구,답,metro_gu,1,76.0,76.0,76.0,76.0,1.0,0,0,0,0,0,1,1.0,False,['no_gate_for_type_jimok'],exclude,B_skip
26,부산광역시,26140,서구,대,metro_gu,577,3.0,31.0,73.0,156.48,5.0477,24,11,0,0,0,22,9.0,False,['metro_width'],better,B_ok
26,부산광역시,26140,서구,전,metro_gu,67,6.6,114.0,219.0,881.2,7.7298,16,13,7,0,0,8,2.0,False,['no_gate_for_type_jimok'],note,B_skip
26,부산광역시,26170,동구,답,metro_gu,1,63.0,63.0,63.0,63.0,1.0,0,0,0,0,0,1,1.0,False,['no_gate_for_type_jimok'],exclude,B_skip
26,부산광역시,26170,동구,대,metro_gu,514,2.0,15.0,46.75,105.64,7.0427,12,7,3,1,1,4,123.0,False,['metro_width'],better,B_skip
26,부산광역시,26170,동구,전,metro_gu,1,174.0,174.0,174.0,174.0,1.0,0,0,0,0,0,1,1.0,False,['no_gate_for_type_jimok'],exclude,B_skip
26,부산광역시,26200,영도구,답,metro_gu,18,33.9,176.0,306.25,1114.7,6.3335,5,3,2,0,0,3,5.0,False,['no_gate_for_type_jimok'],exclude,B_skip
26,부산광역시,26200,영도구,대,metro_gu,271,6.6,42.8,99.4,175.0,4.0888,10,3,1,0,0,20,6.5,False,['metro_width'],good,B_skip
26,부산광역시,26200,영도구,전,metro_gu,31,4.0,99.0,390.5,780.0,7.8788,10,4,2,2,1,4,7.5,False,['no_gate_for_type_jimok'],exclude,B_skip
26,부산광역시,26230,부산진구,답,metro_gu,30,9.0,91.6,260.0,729.3,7.9618,7,4,3,1,0,6,2.0,False,['no_gate_for_type_jimok'],exclude,B_skip
26,부산광역시,26230,부산진구,대,metro_gu,1120,3.242,29.0,75.25,146.0,5.0345,38,15,5,1,1,11,88.0,True,[],better,B_ok
26,부산광역시,26230,부산진구,전,metro_gu,10,5.7,21.5,74.25,214.7,9.986,0,0,0,0,0,8,1.0,False,['no_gate_for_type_jimok'],exclude,B_skip
26,부산광역시,26260,동래구,답,metro_gu,29,9.6,145.0,461.0,1932.0,13.3241,10,7,4,2,0,4,3.0,False,['no_gate_for_type_jimok'],exclude,B_skip
26,부산광역시,26260,동래구,대,metro_gu,278,9.0,100.5,205.0,381.52,3.7962,43,18,5,1,0,9,18.0,True,[],good,B_ok
26,부산광역시,26260,동래구,전,metro_gu,20,7.0,28.5,73.0,128.5,4.5088,1,1,0,0,0,5,2.0,False,['no_gate_for_type_jimok'],exclude,B_skip
26,부산광역시,26290,남구,답,metro_gu,18,7.8,85.5,171.75,236.6,2.7673,1,1,0,0,0,4,5.0,False,['no_gate_for_type_jimok'],exclude,B_skip
26,부산광역시,26290,남구,대,metro_gu,652,4.0,35.5,97.0,176.0,4.9577,27,11,2,1,0,6,91.0,False,['metro_width'],better,B_ok
26,부산광역시,26290,남구,전,metro_gu,201,4.0,40.0,116.0,271.0,6.775,17,5,1,0,0,5,37.0,False,['no_gate_for_type_jimok'],good,B_ok
26,부산광역시,26320,북구,답,metro_gu,65,25.0,212.0,397.0,948.0,4.4717,26,13,5,0,0,5,16.0,False,['no_gate_for_type_jimok'],note,B_ok
26,부산광역시,26320,북구,대,metro_gu,105,6.24,97.6,217.0,345.68,3.5418,15,7,2,0,0,5,18.0,False,['n<150'],ok,B_ok
26,부산광역시,26320,북구,전,metro_gu,15,28.4,446.0,1002.5,1517.2,3.4018,9,7,4,0,0,3,3.0,False,['no_gate_for_type_jimok'],exclude,B_skip
26,부산광역시,26350,해운대구,답,metro_gu,80,3.9,108.5,405.5,663.2,6.1124,22,17,3,0,0,7,8.0,False,['no_gate_for_type_jimok'],ok,B_ok
26,부산광역시,26350,해운대구,대,metro_gu,380,7.0,94.0,218.75,456.0,4.8511,69,33,7,5,3,8,36.5,True,[],better,B_ok
26,부산광역시,26350,해운대구,전,metro_gu,75,34.2,234.0,570.0,983.8,4.2043,31,21,6,1,0,8,5.0,False,['no_gate_for_type_jimok'],note,B_skip
26,부산광역시,26380,사하구,답,metro_gu,18,4.1,201.0,465.75,575.6,2.8637,7,3,1,0,0,4,2.0,False,['no_gate_for_type_jimok'],exclude,B_skip
26,부산광역시,26380,사하구,대,metro_gu,194,5.0,69.2,134.475,270.8,3.9133,19,8,3,1,0,8,24.0,False,['metro_width'],good,B_ok
26,부산광역시,26380,사하구,전,metro_gu,49,31.8,177.0,292.0,607.6,3.4328,12,6,4,1,0,7,7.0,False,['no_gate_for_type_jimok'],exclude,B_skip
26,부산광역시,26410,금정구,답,metro_gu,133,89.92,470.0,914.0,1466.8,3.1209,82,63,30,1,0,13,5.0,False,['no_gate_for_type_jimok'],ok,B_skip
26,부산광역시,26410,금정구,대,metro_gu,231,15.0,133.8,243.5,403.0,3.012,43,13,3,0,0,13,9.0,True,[],good,B_ok
26,부산광역시,26410,금정구,전,metro_gu,68,20.5,284.5,517.75,865.3,3.0415,33,20,5,0,0,10,2.5,False,['no_gate_for_type_jimok'],note,B_skip
26,부산광역시,26440,강서구,답,metro_gu,1008,47.7,682.0,1928.5,2975.0,4.3622,715,588,413,70,4,21,15.0,False,['no_gate_for_type_jimok'],better,B_ok
26,부산광역시,26440,강서구,대,metro_gu,497,17.0,214.9,465.1,856.56,3.9859,193,114,43,10,6,21,12.0,True,[],better,B_ok
26,부산광역시,26440,강서구,전,metro_gu,439,36.8,360.0,798.9,1686.0,4.6833,247,162,83,12,4,19,9.0,False,['no_gate_for_type_jimok'],better,B_ok
26,부산광역시,26470,연제구,답,metro_gu,11,25.0,67.0,147.5,278.0,4.1493,1,0,0,0,0,2,5.5,False,['no_gate_for_type_jimok'],exclude,B_skip
26,부산광역시,26470,연제구,대,metro_gu,229,10.0,109.0,176.5,314.92,2.8892,26,15,6,4,0,2,114.5,True,[],good,B_skip
26,부산광역시,26470,연제구,전,metro_gu,4,58.8,127.5,194.5,262.0,2.0549,1,0,0,0,0,2,2.0,False,['no_gate_for_type_jimok'],exclude,B_skip
26,부산광역시,26500,수영구,답,metro_gu,2,9.6,36.0,52.5,62.4,1.7333,0,0,0,0,0,2,1.0,False,['no_gate_for_type_jimok'],exclude,B_skip
26,부산광역시,26500,수영구,대,metro_gu,153,10.6,137.6,238.0,357.72,2.5997,20,9,2,0,0,5,23.0,True,[],good,B_ok
26,부산광역시,26500,수영구,전,metro_gu,7,17.2,60.0,167.5,653.2,10.8867,1,1,1,0,0,2,3.5,False,['no_gate_for_type_jimok'],exclude,B_skip
26,부산광역시,26530,사상구,답,metro_gu,28,16.0,229.5,493.25,548.0,2.3878,13,7,1,0,0,7,4.0,False,['no_gate_for_type_jimok'],exclude,B_skip
26,부산광역시,26530,사상구,대,metro_gu,254,8.0,106.0,200.0,555.4,5.2396,45,28,11,1,0,8,22.5,True,[],good,B_ok
26,부산광역시,26530,사상구,전,metro_gu,33,3.2,104.0,150.0,683.6,6.5731,6,4,0,0,0,6,2.5,False,['no_gate_for_type_jimok'],exclude,B_skip
26,부산광역시,26710,기장군,답,gun,1149,61.0,461.0,913.0,1613.8,3.5007,764,537,263,21,2,5,252.0,True,[],better,B_ok
26,부산광역시,26710,기장군,대,gun,474,17.6,223.5,418.65,690.98,3.0916,189,95,20,4,1,5,119.0,True,[],better,B_ok
26,부산광역시,26710,기장군,전,gun,600,48.0,281.0,656.5,1139.2,4.0541,285,182,76,10,6,5,92.0,True,[],better,B_ok
27,대구광역시,27110,중구,대,metro_gu,417,3.0,26.4,93.0,188.8,7.1515,16,7,4,1,0,47,5.0,False,['metro_width'],better,B_skip
27,대구광역시,27140,동구,답,metro_gu,455,106.4,688.0,1284.5,1831.8,2.6625,338,279,158,5,0,38,11.0,False,['no_gate_for_type_jimok'],better,B_ok
27,대구광역시,27140,동구,대,metro_gu,555,14.8,145.1,254.55,372.4,2.5665,99,32,9,2,1,42,7.5,True,[],better,B_skip
27,대구광역시,27140,동구,전,metro_gu,372,66.0,545.5,1095.75,1778.5,3.2603,245,198,108,10,5,41,6.0,False,['no_gate_for_type_jimok'],better,B_skip
27,대구광역시,27170,서구,답,metro_gu,19,27.4,81.0,340.5,825.4,10.1901,6,4,2,0,0,3,3.0,False,['no_gate_for_type_jimok'],exclude,B_skip
27,대구광역시,27170,서구,대,metro_gu,149,5.0,68.2,147.8,254.0,3.7243,13,4,2,0,0,9,11.0,False,"['n<150', 'metro_width']",ok,B_ok
27,대구광역시,27170,서구,전,metro_gu,17,71.2,173.0,495.0,1299.4,7.511,6,4,3,0,0,4,4.0,False,['no_gate_for_type_jimok'],exclude,B_skip
27,대구광역시,27200,남구,대,metro_gu,292,5.0,64.5,135.25,247.66,3.8397,20,9,2,1,1,3,88.0,False,['metro_width'],good,B_skip
27,대구광역시,27200,남구,전,metro_gu,2,3.7,6.5,8.25,9.3,1.4308,0,0,0,0,0,1,2.0,False,['no_gate_for_type_jimok'],exclude,B_skip
27,대구광역시,27230,북구,답,metro_gu,113,18.8,330.0,704.0,1303.6,3.9503,59,44,14,0,0,20,3.0,False,['no_gate_for_type_jimok'],ok,B_skip
27,대구광역시,27230,북구,대,metro_gu,487,5.6,73.0,223.7,349.76,4.7912,75,26,13,3,1,30,9.0,True,[],better,B_ok
27,대구광역시,27230,북구,전,metro_gu,134,18.6,295.0,600.25,1097.1,3.719,65,39,16,0,0,20,6.5,False,['no_gate_for_type_jimok'],ok,B_skip
27,대구광역시,27260,수성구,답,metro_gu,153,40.6,564.0,985.0,1364.76,2.4198,102,83,37,0,0,18,6.0,False,['no_gate_for_type_jimok'],good,B_skip
27,대구광역시,27260,수성구,대,metro_gu,395,9.0,155.0,262.8,527.2,3.4013,79,41,9,2,1,25,7.0,True,[],better,B_skip
27,대구광역시,27260,수성구,전,metro_gu,166,21.0,388.0,954.75,1572.0,4.0515,97,74,41,4,0,18,6.5,False,['no_gate_for_type_jimok'],good,B_skip
27,대구광역시,27290,달서구,답,metro_gu,102,6.2,300.5,676.75,1346.0,4.4792,51,38,13,1,0,13,5.0,False,['no_gate_for_type_jimok'],ok,B_skip
27,대구광역시,27290,달서구,대,metro_gu,180,8.93,129.9,270.55,523.03,4.0264,41,20,7,2,1,20,7.0,True,[],good,B_skip
27,대구광역시,27290,달서구,전,metro_gu,32,17.0,182.5,813.75,1271.7,6.9682,11,9,5,0,0,11,3.0,False,['no_gate_for_type_jimok'],exclude,B_skip
27,대구광역시,27710,달성군,답,gun,1932,110.2,819.5,1448.75,2079.0,2.5369,1534,1312,822,66,5,9,224.0,False,['p90_p50<3.0'],better,B_ok
27,대구광역시,27710,달성군,대,gun,527,16.6,240.0,378.85,632.36,2.6348,179,80,24,4,4,9,53.0,True,[],better,B_ok
27,대구광역시,27710,달성군,전,gun,729,90.6,602.0,1084.0,1710.4,2.8412,521,409,216,11,4,9,75.0,False,['p90_p50<3.0'],better,B_ok
27,대구광역시,27720,군위군,답,gun,1506,157.0,858.5,1405.0,2000.0,2.3296,1241,1068,644,28,6,8,177.5,False,['p90_p50<3.0'],better,B_ok
27,대구광역시,27720,군위군,대,gun,304,30.0,250.5,384.75,594.1,2.3717,120,50,4,0,0,8,40.5,True,[],better,B_ok
27,대구광역시,27720,군위군,전,gun,1151,126.0,766.0,1410.0,2329.0,3.0405,864,723,458,53,13,8,141.5,True,[],better,B_ok
28,인천광역시,28110,중구,답,metro_gu,11,80.0,241.0,1321.5,2512.0,10.4232,5,5,4,1,0,5,1.0,False,['no_gate_for_type_jimok'],exclude,B_skip
28,인천광역시,28110,중구,대,metro_gu,47,36.52,302.7,462.9,1082.2,3.5752,24,12,7,0,0,13,3.0,False,['n<150'],exclude,B_skip
28,인천광역시,28110,중구,전,metro_gu,19,70.0,509.0,780.0,942.2,1.8511,15,11,2,0,0,6,2.5,False,['no_gate_for_type_jimok'],exclude,B_skip
28,인천광역시,28125,제물포구,대,metro_gu,429,6.16,48.91,101.8,277.4,5.6716,37,24,17,2,1,31,7.0,True,[],better,B_skip
28,인천광역시,28140,동구,대,metro_gu,19,2.8,56.2,76.85,120.44,2.1431,1,1,1,0,0,5,2.0,False,"['n<150', 'metro_width']",exclude,B_skip
28,인천광역시,28155,영종구,답,metro_gu,385,62.4,495.0,1007.0,1938.8,3.9168,251,191,101,11,0,7,50.0,False,['no_gate_for_type_jimok'],better,B_ok
28,인천광역시,28155,영종구,대,metro_gu,790,245.0,316.15,403.425,744.1,2.3536,482,137,58,25,18,8,56.0,True,[],better,B_ok
28,인천광역시,28155,영종구,전,metro_gu,494,58.36,445.0,805.0,1522.4,3.4211,314,211,95,9,0,7,74.0,False,['no_gate_for_type_jimok'],better,B_ok
28,인천광역시,28177,미추홀구,답,metro_gu,10,19.0,363.0,560.25,1309.7,3.608,6,3,2,0,0,3,1.0,False,['no_gate_for_type_jimok'],exclude,B_skip
28,인천광역시,28177,미추홀구,대,metro_gu,651,6.3,69.0,160.65,308.3,4.4681,71,43,24,5,2,6,85.5,True,[],better,B_ok
28,인천광역시,28177,미추홀구,전,metro_gu,30,7.94,90.5,281.25,639.1,7.0619,7,4,0,0,0,7,2.0,False,['no_gate_for_type_jimok'],exclude,B_skip
28,인천광역시,28185,연수구,답,metro_gu,27,28.6,369.0,1096.0,1505.2,4.0791,15,10,7,0,0,2,13.5,False,['no_gate_for_type_jimok'],exclude,B_skip
28,인천광역시,28185,연수구,대,metro_gu,258,49.6,264.0,460.35,992.3,3.7587,111,61,26,21,17,6,23.5,True,[],good,B_ok
28,인천광역시,28185,연수구,전,metro_gu,69,50.0,333.0,595.0,1066.4,3.2024,37,25,9,0,0,4,9.0,False,['no_gate_for_type_jimok'],note,B_skip
28,인천광역시,28200,남동구,답,metro_gu,79,24.8,285.0,732.5,1616.2,5.6709,39,29,12,1,0,10,7.0,False,['no_gate_for_type_jimok'],note,B_skip
28,인천광역시,28200,남동구,대,metro_gu,250,29.715,240.5,352.85,712.08,2.9608,80,43,9,1,1,11,19.0,True,[],good,B_ok
28,인천광역시,28200,남동구,전,metro_gu,361,56.0,661.0,1258.0,1902.0,2.8775,263,207,133,11,2,11,23.0,False,['no_gate_for_type_jimok'],better,B_ok
28,인천광역시,28237,부평구,답,metro_gu,37,8.0,68.0,345.0,1688.44,24.83,10,8,6,2,0,7,3.0,False,['no_gate_for_type_jimok'],exclude,B_skip
28,인천광역시,28237,부평구,대,metro_gu,371,4.0,53.0,126.0,228.5,4.3113,25,12,2,0,0,9,16.0,False,['metro_width'],better,B_ok
28,인천광역시,28237,부평구,전,metro_gu,74,7.9,58.25,134.5,204.1,3.5039,4,2,1,0,0,9,4.0,False,['no_gate_for_type_jimok'],note,B_skip
28,인천광역시,28245,계양구,답,metro_gu,275,120.0,1027.0,2008.5,3052.0,2.9718,230,204,141,29,4,18,13.0,False,['no_gate_for_type_jimok'],good,B_ok
28,인천광역시,28245,계양구,대,metro_gu,118,21.826,191.5,398.925,1322.3,6.905,44,24,18,5,3,20,5.0,False,['n<150'],ok,B_skip
28,인천광역시,28245,계양구,전,metro_gu,345,73.6,620.0,1250.0,2292.6,3.6977,253,197,117,16,1,22,10.0,False,['no_gate_for_type_jimok'],better,B_ok
28,인천광역시,28260,서구,답,metro_gu,10,52.2,576.5,1153.05,3022.9,5.2435,6,5,3,1,0,4,1.0,False,['no_gate_for_type_jimok'],exclude,B_skip
28,인천광역시,28260,서구,대,metro_gu,72,221.1,254.0,269.5,377.88,1.4877,10,5,3,1,1,11,2.0,False,"['n<150', 'p90_p50<2.0']",note,B_skip
28,인천광역시,28260,서구,전,metro_gu,22,27.3,464.0,845.0,1128.2,2.4315,15,8,4,0,0,9,2.0,False,['no_gate_for_type_jimok'],exclude,B_skip
28,인천광역시,28275,서해구,답,metro_gu,53,69.6,427.0,1323.0,2170.72,5.0837,35,23,20,1,0,8,4.5,False,['no_gate_for_type_jimok'],note,B_skip
28,인천광역시,28275,서해구,대,metro_gu,265,47.08,319.0,533.6,1994.44,6.2522,143,72,47,24,18,11,12.0,True,[],good,B_ok
28,인천광역시,28275,서해구,전,metro_gu,122,122.1,611.5,1152.25,1769.0,2.8929,95,74,40,4,0,9,11.0,False,['no_gate_for_type_jimok'],ok,B_ok
28,인천광역시,28290,검단구,답,metro_gu,202,62.6,960.6,2170.0,3507.9,3.6518,151,129,93,30,5,9,11.0,False,['no_gate_for_type_jimok'],good,B_ok
28,인천광역시,28290,검단구,대,metro_gu,643,162.56,267.0,469.95,1100.8,4.1228,238,151,76,24,18,10,33.0,True,[],better,B_ok
28,인천광역시,28290,검단구,전,metro_gu,171,44.0,474.0,1083.0,1891.0,3.9895,106,82,48,3,0,8,15.5,False,['no_gate_for_type_jimok'],good,B_ok
28,인천광역시,28710,강화군,답,gun,4689,205.64,1322.0,2782.0,4245.76,3.2116,4017,3400,2739,1046,344,13,382.0,True,[],better,B_ok
28,인천광역시,28710,강화군,대,gun,1328,31.0,268.0,431.0,615.9,2.2981,609,235,26,2,1,13,106.0,True,[],better,B_ok
28,인천광역시,28710,강화군,전,gun,4440,75.72,414.0,767.0,1398.4,3.3778,2838,1815,808,83,15,13,258.0,True,[],better,B_ok
28,인천광역시,28720,옹진군,답,gun,718,94.8,532.0,1229.75,2274.0,4.2744,497,370,224,47,14,7,85.0,True,[],better,B_ok
28,인천광역시,28720,옹진군,대,gun,294,29.58,168.0,314.75,527.0,3.1369,77,33,9,1,0,7,33.0,True,[],good,B_ok
28,인천광역시,28720,옹진군,전,gun,936,66.0,422.5,862.0,1635.15,3.8702,586,405,198,25,4,7,147.0,True,[],better,B_ok
30,대전광역시,30110,동구,답,metro_gu,289,99.0,796.0,1398.0,2036.6,2.5585,205,177,124,5,0,27,7.0,False,['no_gate_for_type_jimok'],good,B_skip
30,대전광역시,30110,동구,대,metro_gu,564,14.0,154.2,268.75,431.4,2.7977,120,38,10,1,0,40,7.5,True,[],better,B_skip
30,대전광역시,30110,동구,전,metro_gu,501,71.0,592.0,1211.0,1927.0,3.2551,349,277,172,16,3,30,10.5,False,['no_gate_for_type_jimok'],better,B_ok
30,대전광역시,30140,중구,답,metro_gu,174,24.35,601.0,1177.2,1771.5,2.9476,114,94,58,1,0,15,11.0,False,['no_gate_for_type_jimok'],good,B_ok
30,대전광역시,30140,중구,대,metro_gu,829,7.0,94.0,198.1,334.2,3.5553,113,40,3,0,0,25,15.0,True,[],better,B_ok
30,대전광역시,30140,중구,전,metro_gu,217,21.96,522.8,1156.0,1677.8,3.2093,129,113,73,6,1,17,9.0,False,['no_gate_for_type_jimok'],good,B_ok
30,대전광역시,30170,서구,답,metro_gu,302,154.3,978.5,1696.0,2382.4,2.4347,244,222,149,12,2,16,18.0,False,['no_gate_for_type_jimok'],better,B_ok
30,대전광역시,30170,서구,대,metro_gu,422,70.08,253.3,378.85,693.03,2.736,152,67,22,6,3,26,12.0,True,[],better,B_ok
30,대전광역시,30170,서구,전,metro_gu,252,90.2,618.5,1027.75,1593.4,2.5762,189,146,73,3,2,16,11.0,False,['no_gate_for_type_jimok'],good,B_ok
30,대전광역시,30200,유성구,답,metro_gu,494,217.7,1003.5,1652.75,2565.0,2.5561,424,370,252,24,3,34,5.5,False,['no_gate_for_type_jimok'],better,B_skip
30,대전광역시,30200,유성구,대,metro_gu,569,117.96,279.6,443.7,858.62,3.0709,262,114,44,20,14,43,9.0,True,[],better,B_ok
30,대전광역시,30200,유성구,전,metro_gu,556,79.0,604.5,1047.5,1915.5,3.1687,391,312,159,20,6,37,7.0,False,['no_gate_for_type_jimok'],better,B_skip
30,대전광역시,30230,대덕구,답,metro_gu,133,63.4,593.0,1156.6,1961.4,3.3076,91,73,47,2,0,18,6.0,False,['no_gate_for_type_jimok'],ok,B_skip
30,대전광역시,30230,대덕구,대,metro_gu,304,16.0,169.5,308.45,502.3,2.9634,77,31,5,1,0,21,8.0,True,[],better,B_ok
30,대전광역시,30230,대덕구,전,metro_gu,178,112.1,567.5,1031.0,1789.6,3.1535,131,95,46,5,1,22,7.5,False,['no_gate_for_type_jimok'],good,B_skip
31,울산광역시,31110,중구,답,metro_gu,69,53.0,499.0,1091.0,1599.8,3.206,49,34,24,2,0,11,4.0,False,['no_gate_for_type_jimok'],note,B_skip
31,울산광역시,31110,중구,대,metro_gu,303,6.0,126.0,252.1,375.32,2.9787,47,24,8,5,4,18,10.5,True,[],better,B_ok
31,울산광역시,31110,중구,전,metro_gu,146,13.0,271.5,635.0,1139.5,4.1971,71,51,21,1,0,15,8.0,False,['no_gate_for_type_jimok'],ok,B_ok
31,울산광역시,31140,남구,답,metro_gu,101,13.0,255.0,847.0,1735.0,6.8039,48,40,24,1,1,13,4.0,False,['no_gate_for_type_jimok'],ok,B_skip
31,울산광역시,31140,남구,대,metro_gu,347,15.3,220.0,354.6,659.94,2.9997,122,57,23,9,6,15,8.0,True,[],better,B_ok
31,울산광역시,31140,남구,전,metro_gu,95,32.4,441.0,748.0,1133.0,2.5692,54,39,15,1,0,13,5.0,False,['no_gate_for_type_jimok'],ok,B_skip
31,울산광역시,31170,동구,답,metro_gu,47,77.2,512.0,830.0,1268.8,2.4781,33,24,9,0,0,6,3.0,False,['no_gate_for_type_jimok'],exclude,B_skip
31,울산광역시,31170,동구,대,metro_gu,72,4.1,113.25,235.475,488.59,4.3143,15,7,4,1,1,7,7.0,False,['n<150'],note,B_skip
31,울산광역시,31170,동구,전,metro_gu,49,51.0,430.0,936.0,1478.6,3.4386,29,23,11,0,0,6,6.5,False,['no_gate_for_type_jimok'],exclude,B_skip
31,울산광역시,31200,북구,답,metro_gu,755,109.0,764.0,1348.0,2032.6,2.6605,601,498,312,23,1,25,28.0,False,['no_gate_for_type_jimok'],better,B_ok
31,울산광역시,31200,북구,대,metro_gu,429,60.6,291.0,410.2,581.92,1.9997,197,63,9,0,0,24,8.5,False,['p90_p50<2.0'],better,B_ok
31,울산광역시,31200,북구,전,metro_gu,434,38.2,351.6,698.5,1404.5,3.9946,243,161,72,5,2,27,12.0,False,['no_gate_for_type_jimok'],better,B_ok
31,울산광역시,31710,울주군,답,gun,3465,104.4,731.0,1484.0,2314.6,3.1663,2650,2149,1374,146,9,12,269.5,True,[],better,B_ok
31,울산광역시,31710,울주군,대,gun,1086,28.0,301.65,489.0,836.3,2.7724,550,262,89,34,22,12,85.5,True,[],better,B_ok
31,울산광역시,31710,울주군,전,gun,1512,62.1,366.0,775.5,1342.6,3.6683,884,579,279,30,10,12,128.0,True,[],better,B_ok
36,세종특별자치시,36110,전의면,답,urban_rural,217,139.0,1000.0,1983.0,3042.6,3.0426,177,161,109,23,2,1,150.0,True,[],good,B_skip
36,세종특별자치시,36110,금남면,답,urban_rural,338,99.0,937.0,1705.75,2459.0,2.6243,260,225,163,9,1,1,150.0,False,['p90_p50<3.0'],better,B_skip
36,세종특별자치시,36110,연서면,답,urban_rural,179,117.0,1077.0,2158.0,2997.28,2.783,146,138,100,17,2,1,150.0,False,['p90_p50<3.0'],good,B_skip
36,세종특별자치시,36110,조치원읍,답,urban_rural,57,27.0,168.0,462.0,1456.2,8.6679,20,13,7,0,0,1,150.0,False,"['n<100', 'n_ge_1000<20']",note,B_skip
36,세종특별자치시,36110,연동면,답,urban_rural,82,430.76,2003.5,2647.5,3173.3,1.5839,74,71,61,11,3,1,150.0,False,"['n<100', 'p90_p50<3.0']",ok,B_skip
36,세종특별자치시,36110,장군면,답,urban_rural,160,119.4,818.0,1870.975,2749.5,3.3612,120,103,69,14,1,1,150.0,True,[],good,B_skip
36,세종특별자치시,36110,연기면,답,urban_rural,40,53.8,1093.0,1932.75,2608.7,2.3867,31,29,21,2,0,1,150.0,False,"['n<100', 'p90_p50<3.0']",exclude,B_skip
36,세종특별자치시,36110,전동면,답,urban_rural,252,110.4,1037.5,1872.0,2960.7,2.8537,203,183,131,24,1,1,150.0,False,['p90_p50<3.0'],good,B_skip
36,세종특별자치시,36110,부강면,답,urban_rural,140,108.1,842.3,1622.5,2676.53,3.1776,107,93,63,7,0,1,150.0,True,[],ok,B_skip
36,세종특별자치시,36110,소정면,답,urban_rural,79,235.0,1240.0,1716.0,2007.0,1.6185,69,61,44,2,0,1,150.0,False,"['n<100', 'p90_p50<3.0']",note,B_skip
36,세종특별자치시,36110,소정면,대,urban_rural,46,55.5,408.5,579.5,869.0,2.1273,30,16,3,1,1,1,24.0,False,"['n<100', 'p90_p50<2.5', 'n_ge_500<20']",exclude,B_skip
36,세종특별자치시,36110,고운동,대,urban_rural,62,288.47,339.35,356.9,391.53,1.1538,45,2,1,1,1,1,24.0,False,"['n<100', 'p90_p50<2.5', 'n_ge_500<20']",note,B_skip
36,세종특별자치시,36110,금남면,대,urban_rural,100,19.9,288.0,500.75,955.5,3.3177,49,25,9,2,2,1,24.0,True,[],ok,B_skip
36,세종특별자치시,36110,나성동,대,urban_rural,2,1757.53,2076.85,2276.425,2396.17,1.1538,2,2,2,0,0,1,24.0,False,"['n<100', 'p90_p50<2.5', 'n_ge_500<20']",exclude,B_skip
36,세종특별자치시,36110,다정동,대,urban_rural,17,264.32,297.3,320.0,445.8,1.4995,8,1,0,0,0,1,24.0,False,"['n<100', 'p90_p50<2.5', 'n_ge_500<20']",exclude,B_skip
36,세종특별자치시,36110,도담동,대,urban_rural,10,320.18,340.85,387.5,400.0,1.1735,10,0,0,0,0,1,24.0,False,"['n<100', 'p90_p50<2.5', 'n_ge_500<20']",exclude,B_skip
36,세종특별자치시,36110,반곡동,대,urban_rural,24,159.3,325.0,392.9,473.0,1.4554,13,1,0,0,0,1,24.0,False,"['n<100', 'p90_p50<2.5', 'n_ge_500<20']",exclude,B_skip
36,세종특별자치시,36110,부강면,대,urban_rural,57,14.2,198.0,450.0,773.4,3.9061,22,13,3,0,0,1,24.0,False,"['n<100', 'n_ge_500<20']",note,B_skip
36,세종특별자치시,36110,소담동,대,urban_rural,1,1320.0,1320.0,1320.0,1320.0,1.0,1,1,1,0,0,1,24.0,False,"['n<100', 'p90_p50<2.5', 'n_ge_500<20']",exclude,B_skip
36,세종특별자치시,36110,아름동,대,urban_rural,17,296.64,335.0,342.4,348.0,1.0388,15,0,0,0,0,1,24.0,False,"['n<100', 'p90_p50<2.5', 'n_ge_500<20']",exclude,B_skip
36,세종특별자치시,36110,어진동,대,urban_rural,2,447.0,447.0,447.0,447.0,1.0,2,0,0,0,0,1,24.0,False,"['n<100', 'p90_p50<2.5', 'n_ge_500<20']",exclude,B_skip
36,세종특별자치시,36110,연기면,대,urban_rural,24,45.2,234.5,418.0,510.0,2.1748,9,3,0,0,0,1,24.0,False,"['n<100', 'p90_p50<2.5', 'n_ge_500<20']",exclude,B_skip
36,세종특별자치시,36110,연동면,대,urban_rural,56,41.0,326.0,503.5,699.5,2.1457,29,16,2,0,0,1,24.0,False,"['n<100', 'p90_p50<2.5', 'n_ge_500<20']",note,B_skip
36,세종특별자치시,36110,연서면,대,urban_rural,71,28.0,294.0,522.0,813.0,2.7653,34,19,5,0,0,1,24.0,False,"['n<100', 'n_ge_500<20']",note,B_skip
36,세종특별자치시,36110,장군면,대,urban_rural,230,44.8,450.0,534.25,701.1,1.558,168,74,9,0,0,1,24.0,False,['p90_p50<2.5'],good,B_skip
36,세종특별자치시,36110,전동면,대,urban_rural,35,110.8,410.0,601.5,698.4,1.7034,24,15,0,0,0,1,24.0,False,"['n<100', 'p90_p50<2.5', 'n_ge_500<20']",exclude,B_skip
36,세종특별자치시,36110,전의면,대,urban_rural,123,10.8,274.0,500.0,661.76,2.4152,56,35,6,0,0,1,24.0,False,['p90_p50<2.5'],ok,B_skip
36,세종특별자치시,36110,조치원읍,대,urban_rural,149,8.8,161.0,316.0,533.8,3.3155,39,18,8,3,1,1,24.0,False,['n_ge_500<20'],ok,B_skip
36,세종특별자치시,36110,집현동,대,urban_rural,21,262.4,319.9,2005.2,3855.5,12.0522,14,8,8,5,1,1,24.0,False,"['n<100', 'n_ge_500<20']",exclude,B_skip
36,세종특별자치시,36110,한솔동,대,urban_rural,17,277.68,315.0,353.4,396.4,1.2584,12,1,0,0,0,1,24.0,False,"['n<100', 'p90_p50<2.5', 'n_ge_500<20']",exclude,B_skip
36,세종특별자치시,36110,해밀동,대,urban_rural,11,279.3,300.9,329.45,411.0,1.3659,6,0,0,0,0,1,24.0,False,"['n<100', 'p90_p50<2.5', 'n_ge_500<20']",exclude,B_skip
36,세종특별자치시,36110,전동면,전,urban_rural,243,164.6,827.0,1702.0,3946.0,4.7715,195,168,101,37,21,1,167.5,True,[],good,B_skip
36,세종특별자치시,36110,부강면,전,urban_rural,155,85.8,702.0,1215.0,1835.2,2.6142,116,98,62,2,1,1,167.5,False,['p90_p50<3.0'],good,B_skip
36,세종특별자치시,36110,소정면,전,urban_rural,46,316.5,1193.5,1812.0,2538.0,2.1265,42,31,25,3,1,1,167.5,False,"['n<100', 'p90_p50<3.0']",exclude,B_skip
36,세종특별자치시,36110,전의면,전,urban_rural,267,135.0,736.0,1385.0,2185.8,2.9698,198,166,103,9,3,1,167.5,False,['p90_p50<3.0'],good,B_skip
36,세종특별자치시,36110,금남면,전,urban_rural,282,84.1,628.0,1171.0,1660.2,2.6436,208,156,88,5,0,1,167.5,False,['p90_p50<3.0'],good,B_skip
36,세종특별자치시,36110,장군면,전,urban_rural,180,101.8,549.0,1142.0,1655.6,3.0157,131,95,55,4,0,1,167.5,True,[],good,B_skip
36,세종특별자치시,36110,조치원읍,전,urban_rural,52,34.5,288.5,661.25,992.7,3.4409,25,18,5,2,1,1,167.5,False,"['n<100', 'n_ge_1000<20']",note,B_skip
36,세종특별자치시,36110,연기면,전,urban_rural,72,75.6,668.5,1185.5,1932.7,2.8911,54,42,27,2,0,1,167.5,False,"['n<100', 'p90_p50<3.0']",note,B_skip
36,세종특별자치시,36110,연서면,전,urban_rural,219,98.2,545.0,1122.0,1806.8,3.3152,156,123,68,7,0,1,167.5,True,[],good,B_skip
36,세종특별자치시,36110,연동면,전,urban_rural,84,66.3,615.5,929.0,1767.6,2.8718,62,50,18,0,0,1,167.5,False,"['n<100', 'p90_p50<3.0', 'n_ge_1000<20']",ok,B_skip
41,경기도,41111,수원시 장안구,답,cap_city,60,22.9,330.5,691.25,2381.0,7.2042,34,22,11,2,0,7,6.0,False,"['n<100', 'n_ge_1000<20']",note,B_skip
41,경기도,41111,수원시 장안구,대,cap_city,151,6.0,70.0,207.0,447.2,6.3886,24,12,3,1,0,11,14.0,False,['n_ge_500<20'],good,B_ok
41,경기도,41111,수원시 장안구,전,cap_city,69,18.4,323.7,562.0,1014.0,3.1325,36,20,8,0,0,10,5.0,False,"['n<100', 'n_ge_1000<20']",note,B_skip
41,경기도,41113,수원시 권선구,답,cap_city,236,46.0,715.5,1514.0,2497.0,3.4899,166,144,89,6,0,14,16.5,True,[],good,B_ok
41,경기도,41113,수원시 권선구,대,cap_city,576,16.78,218.7,291.0,615.9,2.8162,138,77,39,10,4,14,16.5,True,[],better,B_ok
41,경기도,41113,수원시 권선구,전,cap_city,263,13.6,330.0,910.5,1720.2,5.2127,139,110,58,6,1,14,22.0,True,[],good,B_ok
41,경기도,41115,수원시 팔달구,답,cap_city,4,2.9,6.5,69.25,179.5,27.6154,0,0,0,0,0,2,2.0,False,"['n<100', 'n_ge_1000<20']",exclude,B_skip
41,경기도,41115,수원시 팔달구,대,cap_city,318,4.0,42.25,145.75,328.6,7.7775,38,19,8,0,0,20,7.5,False,['n_ge_500<20'],better,B_skip
41,경기도,41115,수원시 팔달구,전,cap_city,10,29.7,38.0,88.25,144.9,3.8132,0,0,0,0,0,6,1.5,False,"['n<100', 'n_ge_1000<20']",exclude,B_skip
41,경기도,41117,수원시 영통구,답,cap_city,27,3.56,50.0,164.8,225.56,4.5112,2,1,1,0,0,4,3.0,False,"['n<100', 'n_ge_1000<20']",exclude,B_skip
41,경기도,41117,수원시 영통구,대,cap_city,230,5.64,32.36,72.75,568.12,17.5562,35,28,17,15,15,6,11.0,True,[],good,B_ok
41,경기도,41117,수원시 영통구,전,cap_city,13,16.0,162.0,313.1,516.0,3.1852,4,2,0,0,0,6,1.5,False,"['n<100', 'n_ge_1000<20']",exclude,B_skip
41,경기도,41131,성남시 수정구,답,cap_city,87,12.6,465.0,1262.0,1943.4,4.1794,58,40,27,3,0,10,8.0,False,['n<100'],ok,B_ok
41,경기도,41131,성남시 수정구,대,cap_city,226,16.5,66.45,253.025,1049.0,15.7863,47,32,25,11,7,16,8.0,True,[],good,B_ok
41,경기도,41131,성남시 수정구,전,cap_city,136,50.0,405.5,1041.75,1586.5,3.9125,85,61,36,5,3,12,7.0,True,[],ok,B_skip
41,경기도,41133,성남시 중원구,답,cap_city,31,162.0,740.0,1180.0,2386.0,3.2243,24,19,13,1,0,6,3.5,False,"['n<100', 'n_ge_1000<20']",exclude,B_skip
41,경기도,41133,성남시 중원구,대,cap_city,258,30.84,64.1,109.85,285.97,4.4613,25,8,1,0,0,9,6.0,False,['n_ge_500<20'],good,B_skip
41,경기도,41133,성남시 중원구,전,cap_city,18,50.4,348.5,551.0,851.8,2.4442,11,6,2,0,0,5,2.0,False,"['n<100', 'p90_p50<3.0', 'n_ge_1000<20']",exclude,B_skip
41,경기도,41135,성남시 분당구,답,cap_city,66,73.5,483.5,875.75,1353.9,2.8002,42,31,10,1,0,12,4.5,False,"['n<100', 'p90_p50<3.0', 'n_ge_1000<20']",note,B_skip
41,경기도,41135,성남시 분당구,대,cap_city,141,20.0,242.0,391.0,763.0,3.1529,46,27,12,0,0,14,8.0,True,[],ok,B_ok
41,경기도,41135,성남시 분당구,전,cap_city,132,96.1,513.5,834.5,1396.5,2.7196,93,67,27,1,0,14,5.0,False,['p90_p50<3.0'],ok,B_skip
41,경기도,41150,의정부시,답,cap_city,122,15.0,323.5,656.75,1479.9,4.5747,64,40,22,5,2,13,10.0,True,[],ok,B_ok
41,경기도,41150,의정부시,대,cap_city,458,11.35,165.0,284.575,631.45,3.827,110,61,25,19,19,13,27.0,True,[],better,B_ok
41,경기도,41150,의정부시,전,cap_city,256,16.0,330.0,783.5,1383.0,4.1909,139,92,49,4,0,12,18.5,True,[],good,B_ok
41,경기도,41171,안양시 만안구,답,cap_city,9,30.8,449.0,569.0,949.0,2.1136,6,3,1,0,0,2,4.5,False,"['n<100', 'p90_p50<3.0', 'n_ge_1000<20']",exclude,B_skip
41,경기도,41171,안양시 만안구,대,cap_city,152,11.2,122.5,274.3,470.4,3.84,32,14,6,0,0,3,22.0,False,['n_ge_500<20'],good,B_skip
41,경기도,41171,안양시 만안구,전,cap_city,37,7.2,108.0,348.0,708.8,6.563,10,5,2,1,1,3,10.0,False,"['n<100', 'n_ge_1000<20']",exclude,B_skip
41,경기도,41173,안양시 동안구,답,cap_city,5,29.24,146.2,150.0,349.8,2.3926,1,0,0,0,0,3,2.0,False,"['n<100', 'p90_p50<3.0', 'n_ge_1000<20']",exclude,B_skip
41,경기도,41173,안양시 동안구,대,cap_city,52,6.73,80.0,205.75,793.54,9.9192,10,9,5,4,3,4,14.0,False,"['n<100', 'n_ge_500<20']",note,B_skip
41,경기도,41173,안양시 동안구,전,cap_city,18,25.66,170.75,318.65,816.13,4.7797,5,4,0,0,0,3,4.0,False,"['n<100', 'n_ge_1000<20']",exclude,B_skip
41,경기도,41192,부천시 원미구,답,cap_city,2,536.4,602.0,643.0,667.6,1.109,2,2,0,0,0,1,2.0,False,"['n<100', 'p90_p50<3.0', 'n_ge_1000<20']",exclude,B_skip
41,경기도,41192,부천시 원미구,대,cap_city,144,4.29,80.7,166.35,520.8,6.4535,23,16,2,2,2,9,8.0,False,['n_ge_500<20'],ok,B_ok
41,경기도,41192,부천시 원미구,전,cap_city,22,26.7,344.0,455.25,651.4,1.8936,18,4,0,0,0,4,5.0,False,"['n<100', 'p90_p50<3.0', 'n_ge_1000<20']",exclude,B_skip
41,경기도,41194,부천시 소사구,답,cap_city,3,333.4,347.0,677.0,875.0,2.5216,3,1,1,0,0,1,3.0,False,"['n<100', 'p90_p50<3.0', 'n_ge_1000<20']",exclude,B_skip
41,경기도,41194,부천시 소사구,대,cap_city,120,6.74,91.5,168.3,381.33,4.1675,17,11,8,3,2,7,10.0,False,['n_ge_500<20'],ok,B_ok
41,경기도,41194,부천시 소사구,전,cap_city,70,91.47,578.0,1122.25,1859.6,3.2173,47,38,22,2,2,6,6.5,False,['n<100'],note,B_skip
41,경기도,41196,부천시 오정구,답,cap_city,29,37.6,526.0,879.0,2624.4,4.9894,17,15,7,3,0,6,4.0,False,"['n<100', 'n_ge_1000<20']",exclude,B_skip
41,경기도,41196,부천시 오정구,대,cap_city,58,49.74,233.55,829.75,1715.1,7.3436,26,21,13,5,5,8,6.5,False,['n<100'],note,B_skip
41,경기도,41196,부천시 오정구,전,cap_city,99,38.0,443.0,998.95,1730.2,3.9056,64,41,25,2,0,7,13.0,False,['n<100'],ok,B_ok
41,경기도,41210,광명시,답,cap_city,24,82.5,371.0,1137.75,3113.2,8.3914,14,10,8,3,1,5,1.0,False,"['n<100', 'n_ge_1000<20']",exclude,B_skip
41,경기도,41210,광명시,대,cap_city,390,20.0,146.0,255.8,506.2,3.4671,80,40,13,4,1,7,5.0,True,[],better,B_skip
41,경기도,41210,광명시,전,cap_city,276,148.5,941.5,1488.0,2191.5,2.3277,219,183,131,19,4,7,10.0,False,['p90_p50<3.0'],good,B_ok
41,경기도,41220,평택시,답,cap_city,4600,141.0,1227.0,2427.0,3947.01,3.2168,3805,3394,2569,788,147,36,42.0,True,[],better,B_ok
41,경기도,41220,평택시,대,cap_city,2430,36.0,249.7,369.0,683.5,2.7373,778,397,130,35,18,37,45.0,True,[],better,B_ok
41,경기도,41220,평택시,전,cap_city,3095,35.0,399.0,932.0,1763.0,4.4185,1810,1338,697,98,23,34,31.5,True,[],better,B_ok
41,경기도,41250,동두천시,답,cap_city,200,31.8,452.0,1211.5,2346.0,5.1903,122,94,63,8,0,11,19.0,True,[],good,B_ok
41,경기도,41250,동두천시,대,cap_city,480,10.0,118.5,294.0,595.0,5.0211,117,68,15,0,0,11,23.0,True,[],better,B_ok
41,경기도,41250,동두천시,전,cap_city,549,28.8,452.0,1057.0,2043.6,4.5212,337,257,146,33,10,12,41.0,True,[],better,B_ok
41,경기도,41271,안산시 상록구,답,cap_city,137,257.02,1292.2,2030.0,2750.92,2.1289,122,102,75,10,2,11,8.0,False,['p90_p50<3.0'],ok,B_ok
41,경기도,41271,안산시 상록구,대,cap_city,109,14.4,257.8,310.2,526.92,2.0439,30,14,6,1,0,13,5.0,False,"['p90_p50<2.5', 'n_ge_500<20']",ok,B_skip
41,경기도,41271,안산시 상록구,전,cap_city,258,89.1,656.0,1209.5,1839.8,2.8046,189,157,85,9,2,13,18.0,False,['p90_p50<3.0'],good,B_ok
41,경기도,41273,안산시 단원구,답,cap_city,938,71.0,446.6,959.0,1650.9,3.6966,643,417,223,21,3,9,45.0,True,[],better,B_ok
41,경기도,41273,안산시 단원구,대,cap_city,524,40.0,342.0,451.25,720.2,2.1058,298,107,37,10,8,13,10.0,False,['p90_p50<2.5'],better,B_ok
41,경기도,41273,안산시 단원구,전,cap_city,842,66.0,463.0,875.5,1510.5,3.2624,580,394,176,12,2,12,31.5,True,[],better,B_ok
41,경기도,41281,고양시 덕양구,답,cap_city,648,78.0,682.5,1499.25,2570.0,3.7656,466,376,240,35,6,31,18.0,True,[],better,B_ok
41,경기도,41281,고양시 덕양구,대,cap_city,396,13.5,158.0,301.0,622.0,3.9367,99,59,22,9,5,32,11.0,True,[],better,B_ok
41,경기도,41281,고양시 덕양구,전,cap_city,1094,56.0,482.5,1034.75,1799.4,3.7293,710,537,296,25,5,31,32.0,True,[],better,B_ok
41,경기도,41285,고양시 일산동구,답,cap_city,307,85.8,797.0,1553.5,2702.4,3.3907,216,186,124,21,3,11,29.0,True,[],better,B_ok
41,경기도,41285,고양시 일산동구,대,cap_city,228,36.0,298.75,573.75,1029.7,3.4467,114,63,26,5,3,13,13.0,True,[],good,B_ok
41,경기도,41285,고양시 일산동구,전,cap_city,507,50.0,432.0,999.0,2244.4,5.1954,312,232,126,23,0,11,32.0,True,[],better,B_ok
41,경기도,41287,고양시 일산서구,답,cap_city,254,324.6,2014.0,3004.0,4000.0,1.9861,229,223,198,64,11,6,32.5,False,['p90_p50<3.0'],good,B_ok
41,경기도,41287,고양시 일산서구,대,cap_city,82,15.2,245.0,559.25,999.0,4.0776,37,22,8,2,0,6,12.5,False,['n<100'],ok,B_ok
41,경기도,41287,고양시 일산서구,전,cap_city,219,86.0,688.0,1626.5,2498.2,3.6311,160,131,86,15,2,7,33.0,True,[],good,B_ok
41,경기도,41290,과천시,답,cap_city,47,87.0,553.0,1063.5,1694.6,3.0644,33,27,14,1,0,4,9.0,False,"['n<100', 'n_ge_1000<20']",exclude,B_skip
41,경기도,41290,과천시,대,cap_city,112,23.0,229.85,331.5,1663.7,7.2382,38,23,15,3,1,6,19.0,True,[],ok,B_ok
41,경기도,41290,과천시,전,cap_city,109,36.2,324.0,628.0,1132.6,3.4957,60,33,17,1,1,4,28.5,False,['n_ge_1000<20'],ok,B_skip
41,경기도,41310,구리시,답,cap_city,39,8.8,257.0,705.5,1229.6,4.7844,17,14,7,0,0,5,8.0,False,"['n<100', 'n_ge_1000<20']",exclude,B_ok
41,경기도,41310,구리시,대,cap_city,199,13.08,135.0,251.5,510.8,3.7837,30,20,10,7,5,7,26.0,True,[],good,B_ok
41,경기도,41310,구리시,전,cap_city,150,22.8,322.0,923.75,1325.2,4.1155,77,61,32,1,0,7,13.0,True,[],good,B_ok
41,경기도,41360,남양주시,답,cap_city,1646,33.0,364.5,925.75,1653.5,4.5364,916,679,376,40,7,19,23.0,True,[],better,B_ok
41,경기도,41360,남양주시,대,cap_city,1124,15.0,211.85,418.25,772.5,3.6464,420,201,63,9,4,18,35.0,True,[],better,B_ok
41,경기도,41360,남양주시,전,cap_city,2510,36.0,335.2,796.75,1471.0,4.3884,1370,976,469,57,11,18,80.5,True,[],better,B_ok
41,경기도,41370,오산시,답,cap_city,590,79.9,834.0,1623.5,2797.5,3.3543,423,366,257,46,18,20,16.5,True,[],better,B_ok
41,경기도,41370,오산시,대,cap_city,421,29.0,254.7,536.0,933.4,3.6647,167,113,36,10,8,24,12.0,True,[],better,B_ok
41,경기도,41370,오산시,전,cap_city,505,81.2,598.0,1233.0,2193.2,3.6676,343,270,160,28,6,21,9.0,True,[],better,B_ok
41,경기도,41390,시흥시,답,cap_city,354,101.9,1020.0,2001.0,2859.5,2.8034,277,245,183,33,1,29,12.0,False,['p90_p50<3.0'],better,B_ok
41,경기도,41390,시흥시,대,cap_city,478,19.0,269.55,410.75,954.26,3.5402,191,93,42,17,7,29,13.0,True,[],better,B_ok
41,경기도,41390,시흥시,전,cap_city,1164,66.0,661.0,1199.25,1860.7,2.815,849,667,405,37,5,29,32.0,False,['p90_p50<3.0'],better,B_ok
41,경기도,41410,군포시,답,cap_city,40,96.84,726.5,1069.5,1641.0,2.2588,28,25,15,3,0,7,5.0,False,"['n<100', 'p90_p50<3.0', 'n_ge_1000<20']",exclude,B_skip
41,경기도,41410,군포시,대,cap_city,73,51.2,165.8,296.7,491.0,2.9614,18,7,2,1,1,9,3.0,False,"['n<100', 'n_ge_500<20']",note,B_skip
41,경기도,41410,군포시,전,cap_city,77,25.8,392.0,976.0,1145.2,2.9214,50,35,18,0,0,8,4.5,False,"['n<100', 'p90_p50<3.0', 'n_ge_1000<20']",note,B_skip
41,경기도,41430,의왕시,답,cap_city,74,6.3,242.0,456.75,1191.4,4.9231,30,17,10,3,0,11,6.0,False,"['n<100', 'n_ge_1000<20']",note,B_skip
41,경기도,41430,의왕시,대,cap_city,164,5.3,104.5,282.0,731.24,6.9975,32,19,11,2,2,11,8.0,False,['n_ge_500<20'],good,B_ok
41,경기도,41430,의왕시,전,cap_city,222,10.3,330.0,747.0,1350.4,4.0921,117,85,45,2,1,11,23.0,True,[],good,B_ok
41,경기도,41450,하남시,답,cap_city,254,34.5,384.0,822.75,1622.7,4.2258,142,103,52,5,1,17,13.0,True,[],good,B_ok
41,경기도,41450,하남시,대,cap_city,221,13.0,253.2,620.0,1625.7,6.4206,90,72,27,6,1,17,11.0,True,[],good,B_ok
41,경기도,41450,하남시,전,cap_city,397,33.6,361.0,746.0,1220.8,3.3817,225,154,61,1,0,19,16.0,True,[],better,B_ok
41,경기도,41461,용인시 처인구,답,cap_city,3552,68.0,786.5,1818.5,2868.4,3.647,2583,2139,1561,294,42,17,108.0,True,[],better,B_ok
41,경기도,41461,용인시 처인구,대,cap_city,1472,18.0,260.5,493.5,779.6,2.9927,665,357,83,19,12,17,69.0,True,[],better,B_ok
41,경기도,41461,용인시 처인구,전,cap_city,3325,44.4,474.0,1028.0,1907.0,4.0232,2116,1613,859,128,27,17,74.0,True,[],better,B_ok
41,경기도,41463,용인시 기흥구,답,cap_city,239,27.0,331.0,1032.0,2228.4,6.7323,132,95,62,11,5,16,10.5,True,[],good,B_ok
41,경기도,41463,용인시 기흥구,대,cap_city,406,13.2,198.5,446.0,723.85,3.6466,141,81,30,6,3,18,17.5,True,[],better,B_ok
41,경기도,41463,용인시 기흥구,전,cap_city,242,27.1,328.5,748.0,1792.0,5.4551,129,90,43,8,2,17,11.0,True,[],good,B_ok
41,경기도,41465,용인시 수지구,답,cap_city,111,9.0,194.0,423.5,896.0,4.6186,39,23,11,0,0,6,20.5,False,['n_ge_1000<20'],ok,B_ok
41,경기도,41465,용인시 수지구,대,cap_city,303,29.8,324.0,537.5,831.0,2.5648,156,93,21,7,3,7,40.0,True,[],better,B_ok
41,경기도,41465,용인시 수지구,전,cap_city,137,24.0,380.0,724.0,1180.2,3.1058,74,53,21,2,0,7,15.0,True,[],ok,B_ok
41,경기도,41480,파주시,답,cap_city,5376,80.0,1000.0,2186.25,3306.0,3.306,4112,3644,2697,722,143,33,43.0,True,[],better,B_ok
41,경기도,41480,파주시,대,cap_city,1997,20.72,228.0,423.0,770.0,3.3772,754,410,135,15,2,35,24.0,True,[],better,B_ok
41,경기도,41480,파주시,전,cap_city,4241,58.0,510.0,1230.0,2380.0,4.6667,2753,2154,1288,277,82,33,51.0,True,[],better,B_ok
41,경기도,41500,이천시,답,cap_city,5383,159.2,1422.0,2605.25,3800.92,2.6729,4545,4089,3282,976,147,24,80.0,False,['p90_p50<3.0'],better,B_ok
41,경기도,41500,이천시,대,cap_city,1548,32.79,310.5,509.25,742.4,2.391,797,401,83,12,4,25,19.0,False,['p90_p50<2.5'],better,B_ok
41,경기도,41500,이천시,전,cap_city,4829,68.8,664.0,1421.0,2674.0,4.0271,3534,2853,1761,399,156,24,49.5,True,[],better,B_ok
41,경기도,41550,안성시,답,cap_city,5261,115.0,1091.0,2227.0,3358.0,3.0779,4207,3742,2799,714,101,27,45.0,True,[],better,B_ok
41,경기도,41550,안성시,대,cap_city,1613,33.0,294.0,526.0,808.6,2.7503,794,446,104,5,3,38,8.5,True,[],better,B_ok
41,경기도,41550,안성시,전,cap_city,4016,96.0,654.0,1296.0,2240.0,3.4251,2880,2334,1377,222,71,29,25.0,True,[],better,B_ok
41,경기도,41570,김포시,답,cap_city,2669,66.8,1000.0,2223.5,3584.6,3.5846,2007,1774,1337,408,46,13,56.0,True,[],better,B_ok
41,경기도,41570,김포시,대,cap_city,1377,22.0,246.0,433.0,776.8,3.1577,530,287,83,8,6,15,68.0,True,[],better,B_ok
41,경기도,41570,김포시,전,cap_city,2677,32.0,378.0,856.0,1565.6,4.1418,1524,1124,554,62,8,14,48.0,True,[],better,B_ok
41,경기도,41590,화성시,답,cap_city,361,26.0,652.0,1295.0,2093.0,3.2101,246,205,114,13,2,12,17.5,True,[],better,B_ok
41,경기도,41590,화성시,대,cap_city,550,55.0,261.95,377.875,817.43,3.1206,219,84,37,10,6,23,10.0,True,[],better,B_ok
41,경기도,41590,화성시,전,cap_city,403,23.0,278.0,664.5,1377.6,4.9554,194,141,68,3,0,14,18.0,True,[],better,B_ok
41,경기도,41591,화성시 만세구,답,cap_city,7471,97.0,804.0,1619.5,2863.0,3.5609,5786,4880,3146,670,138,9,775.0,True,[],better,B_ok
41,경기도,41591,화성시 만세구,대,cap_city,1934,36.5,278.0,476.75,780.0,2.8058,877,450,110,9,4,9,212.0,True,[],better,B_ok
41,경기도,41591,화성시 만세구,전,cap_city,6754,59.3,462.0,967.75,1726.7,3.7374,4248,3195,1575,193,55,9,710.0,True,[],better,B_ok
41,경기도,41593,화성시 효행구,답,cap_city,1661,68.0,775.0,1495.0,2455.0,3.1677,1223,1046,651,90,11,4,374.5,True,[],better,B_skip
41,경기도,41593,화성시 효행구,대,cap_city,560,33.0,256.65,440.75,734.25,2.8609,215,113,30,2,1,4,157.0,True,[],better,B_skip
41,경기도,41593,화성시 효행구,전,cap_city,1648,46.7,450.0,925.25,1538.2,3.4182,1025,772,358,29,7,4,421.0,True,[],better,B_skip
41,경기도,41610,광주시,답,cap_city,2157,29.0,410.0,1004.0,1814.0,4.4244,1244,966,551,55,5,26,31.0,True,[],better,B_ok
41,경기도,41610,광주시,대,cap_city,1256,15.0,211.65,407.25,699.0,3.3026,474,229,48,7,4,26,21.5,True,[],better,B_ok
41,경기도,41610,광주시,전,cap_city,2827,28.0,346.0,899.0,1595.4,4.611,1553,1120,610,61,7,26,41.5,True,[],better,B_ok
41,경기도,41630,양주시,답,cap_city,1689,74.0,870.0,1742.0,2623.8,3.0159,1241,1068,774,109,20,22,24.5,True,[],better,B_ok
41,경기도,41630,양주시,대,cap_city,1032,27.1,268.1,444.0,834.7,3.1134,428,226,78,11,7,22,22.0,True,[],better,B_ok
41,경기도,41630,양주시,전,cap_city,2272,50.0,461.0,1191.0,2305.4,5.0009,1408,1095,668,123,22,22,41.5,True,[],better,B_ok
41,경기도,41650,포천시,답,cap_city,3698,94.0,1000.5,2036.75,3259.3,3.2577,2834,2512,1858,477,95,18,206.0,True,[],better,B_ok
41,경기도,41650,포천시,대,cap_city,1455,28.24,261.0,522.0,903.8,3.4628,656,387,115,18,9,18,68.0,True,[],better,B_ok
41,경기도,41650,포천시,전,cap_city,5040,74.0,651.0,1587.25,2974.1,4.5685,3518,2875,1899,495,149,18,269.5,True,[],better,B_ok
41,경기도,41670,여주시,답,cap_city,5416,235.0,1272.05,2353.775,3476.55,2.733,4703,4140,3141,798,149,32,35.5,False,['p90_p50<3.0'],better,B_ok
41,경기도,41670,여주시,대,cap_city,1624,47.0,330.0,493.0,715.0,2.1667,912,384,66,5,3,32,21.5,False,['p90_p50<2.5'],better,B_ok
41,경기도,41670,여주시,전,cap_city,4752,116.1,701.0,1398.25,2379.8,3.3949,3661,2930,1792,298,96,31,40.0,True,[],better,B_ok
41,경기도,41800,연천군,답,gun,2139,195.8,1732.0,2892.0,3932.0,2.2702,1872,1775,1481,453,100,10,209.0,False,['p90_p50<3.0'],better,B_ok
41,경기도,41800,연천군,대,gun,687,23.0,199.0,435.5,736.2,3.6995,248,134,42,4,1,10,50.0,True,[],better,B_ok
41,경기도,41800,연천군,전,gun,2176,95.0,723.0,1883.25,3713.5,5.1362,1617,1318,908,298,108,10,254.0,True,[],better,B_ok
41,경기도,41820,가평군,답,gun,2089,76.8,509.0,1189.0,2065.8,4.0585,1392,1054,621,78,11,6,327.0,True,[],better,B_ok
41,경기도,41820,가평군,대,gun,1266,31.5,281.0,512.0,827.0,2.9431,605,335,72,5,4,6,220.5,True,[],better,B_ok
41,경기도,41820,가평군,전,gun,3195,76.0,489.0,995.5,1968.6,4.0258,2151,1562,795,150,49,6,547.0,True,[],better,B_ok
41,경기도,41830,양평군,답,gun,4836,77.5,612.0,1403.125,2389.3,3.9041,3506,2740,1671,232,36,12,402.5,True,[],better,B_ok
41,경기도,41830,양평군,대,gun,2204,24.0,280.0,456.0,661.0,2.3607,1038,463,64,3,0,12,167.0,True,[],better,B_ok
41,경기도,41830,양평군,전,gun,4930,63.0,463.0,913.0,1564.2,3.3784,3210,2288,1098,117,25,12,393.0,True,[],better,B_ok
43,충청북도,43111,청주시 상당구,답,urban_rural,1791,180.0,1252.0,2071.5,2885.0,2.3043,1537,1426,1075,128,8,17,11.0,False,['p90_p50<3.0'],better,B_ok
43,충청북도,43111,청주시 상당구,대,urban_rural,992,16.21,248.05,370.25,596.0,2.4027,322,149,33,3,0,27,13.0,False,['p90_p50<2.5'],better,B_ok
43,충청북도,43111,청주시 상당구,전,urban_rural,1726,82.5,765.5,1537.0,2461.5,3.2155,1293,1082,713,102,17,18,15.0,True,[],better,B_ok
43,충청북도,43112,청주시 서원구,답,urban_rural,969,132.6,1098.0,1901.0,2617.2,2.3836,792,718,538,51,7,13,17.0,False,['p90_p50<3.0'],better,B_ok
43,충청북도,43112,청주시 서원구,대,urban_rural,508,16.0,189.5,364.0,659.3,3.4792,161,81,24,7,1,14,17.0,True,[],better,B_ok
43,충청북도,43112,청주시 서원구,전,urban_rural,935,62.0,670.0,1375.0,2097.0,3.1299,659,550,334,34,4,14,13.5,True,[],better,B_ok
43,충청북도,43113,청주시 흥덕구,답,urban_rural,1357,78.0,1160.0,2132.0,3364.34,2.9003,1073,943,746,183,20,30,18.5,False,['p90_p50<3.0'],better,B_ok
43,충청북도,43113,청주시 흥덕구,대,urban_rural,1095,36.0,267.6,436.1,752.32,2.8114,424,232,76,28,18,32,8.5,True,[],better,B_ok
43,충청북도,43113,청주시 흥덕구,전,urban_rural,1206,73.0,629.0,1309.0,2196.0,3.4913,878,706,421,61,10,32,13.0,True,[],better,B_ok
43,충청북도,43114,청주시 청원구,답,urban_rural,1862,225.0,1563.5,2710.6,3878.0,2.4803,1641,1533,1259,346,65,15,25.0,False,['p90_p50<3.0'],better,B_ok
43,충청북도,43114,청주시 청원구,대,urban_rural,789,24.8,284.0,491.1,735.1,2.5884,382,189,42,8,0,14,19.0,True,[],better,B_ok
43,충청북도,43114,청주시 청원구,전,urban_rural,2149,59.8,582.0,1293.0,2081.8,3.577,1504,1177,705,98,22,14,18.0,True,[],better,B_ok
43,충청북도,43130,충주시,답,urban_rural,3998,178.4,1174.0,2109.0,3061.0,2.6073,3378,2986,2241,438,80,33,32.0,False,['p90_p50<3.0'],better,B_ok
43,충청북도,43130,충주시,대,urban_rural,1540,27.9,288.0,470.0,734.2,2.5493,749,337,82,8,6,39,26.0,True,[],better,B_ok
43,충청북도,43130,충주시,전,urban_rural,4256,123.0,813.0,1653.0,2762.0,3.3973,3326,2773,1839,354,84,34,34.5,True,[],better,B_ok
43,충청북도,43150,제천시,답,urban_rural,1956,188.0,1067.5,1853.75,2646.0,2.4787,1637,1455,1026,102,7,31,20.0,False,['p90_p50<3.0'],better,B_ok
43,충청북도,43150,제천시,대,urban_rural,1085,37.0,281.0,466.0,686.8,2.4441,508,239,38,5,3,36,13.5,False,['p90_p50<2.5'],better,B_ok
43,충청북도,43150,제천시,전,urban_rural,4140,123.45,785.0,1548.25,2813.7,3.5843,3204,2713,1719,360,84,31,32.0,True,[],better,B_ok
43,충청북도,43720,보은군,답,gun,2710,413.6,1561.75,2445.925,3433.4,2.1984,2518,2389,1905,405,69,11,209.0,False,['p90_p50<3.0'],better,B_ok
43,충청북도,43720,보은군,대,gun,711,48.0,337.0,506.0,744.0,2.2077,396,183,33,2,1,11,59.0,True,[],better,B_ok
43,충청북도,43720,보은군,전,gun,2056,180.0,996.5,1954.0,3098.25,3.1091,1714,1491,1023,219,47,11,164.0,True,[],better,B_ok
43,충청북도,43730,옥천군,답,gun,2674,226.3,1126.2,1863.5,2711.52,2.4077,2323,2092,1498,167,17,9,293.0,False,['p90_p50<3.0'],better,B_ok
43,충청북도,43730,옥천군,대,gun,809,35.92,291.0,450.0,666.08,2.2889,400,176,28,3,0,9,105.0,True,[],better,B_ok
43,충청북도,43730,옥천군,전,gun,2895,149.0,858.0,1620.0,2689.4,3.1345,2360,1982,1289,209,33,9,355.0,True,[],better,B_ok
43,충청북도,43740,영동군,답,gun,3363,182.0,1082.1,1779.0,2627.72,2.4284,2848,2568,1785,203,20,11,335.0,False,['p90_p50<3.0'],better,B_ok
43,충청북도,43740,영동군,대,gun,880,58.0,290.0,440.25,655.3,2.2597,418,176,24,0,0,11,83.0,True,[],better,B_ok
43,충청북도,43740,영동군,전,gun,2659,147.8,850.0,1581.5,2475.8,2.9127,2107,1761,1148,157,34,11,218.0,False,['p90_p50<3.0'],better,B_ok
43,충청북도,43745,증평군,답,gun,689,257.2,1341.0,2149.0,2972.4,2.2166,610,553,439,62,13,2,344.5,False,['p90_p50<3.0'],better,B_skip
43,충청북도,43745,증평군,대,gun,266,22.55,237.55,408.55,659.0,2.7742,99,45,9,0,0,2,133.0,True,[],good,B_skip
43,충청북도,43745,증평군,전,gun,586,91.5,733.4,1607.75,2806.5,3.8267,441,372,241,47,6,2,293.0,True,[],better,B_skip
43,충청북도,43750,진천군,답,gun,2752,185.0,1376.0,2470.0,3659.95,2.6598,2358,2160,1722,433,71,7,345.0,False,['p90_p50<3.0'],better,B_ok
43,충청북도,43750,진천군,대,gun,896,29.4,295.3,476.0,658.5,2.2299,436,187,27,2,2,7,113.0,True,[],better,B_ok
43,충청북도,43750,진천군,전,gun,2506,76.0,617.5,1239.75,2119.2,3.4319,1762,1414,827,102,26,7,354.0,True,[],better,B_ok
43,충청북도,43760,괴산군,답,gun,2927,235.0,1316.0,2172.0,3084.5,2.3438,2572,2384,1828,325,50,11,261.0,False,['p90_p50<3.0'],better,B_ok
43,충청북도,43760,괴산군,대,gun,1029,48.0,344.0,549.0,858.2,2.4948,586,297,68,7,1,11,82.0,True,[],better,B_ok
43,충청북도,43760,괴산군,전,gun,4496,160.0,833.0,1660.0,2858.15,3.4312,3666,3069,1958,407,118,11,300.0,True,[],better,B_ok
43,충청북도,43770,음성군,답,gun,4622,181.2,1336.0,2228.5,3073.81,2.3008,3946,3651,2835,519,107,9,511.0,False,['p90_p50<3.0'],better,B_ok
43,충청북도,43770,음성군,대,gun,1413,37.2,323.0,553.0,803.0,2.4861,761,405,73,4,3,9,145.0,True,[],better,B_ok
43,충청북도,43770,음성군,전,gun,4825,98.4,804.0,1610.0,2703.4,3.3624,3629,3085,2056,397,115,9,522.0,True,[],better,B_ok
43,충청북도,43800,단양군,답,gun,795,120.0,783.0,1393.5,2081.8,2.6587,618,514,312,21,1,8,115.0,False,['p90_p50<3.0'],better,B_ok
43,충청북도,43800,단양군,대,gun,500,40.9,255.0,413.25,624.6,2.4494,210,87,12,0,0,8,67.0,True,[],better,B_ok
43,충청북도,43800,단양군,전,gun,2788,164.7,924.0,1852.0,3441.3,3.7244,2255,1941,1303,353,112,8,388.0,True,[],better,B_ok
44,충청남도,44131,천안시 동남구,답,urban_rural,3904,130.65,1170.5,2232.45,3217.12,2.7485,3160,2836,2168,496,54,20,53.0,False,['p90_p50<3.0'],better,B_ok
44,충청남도,44131,천안시 동남구,대,urban_rural,1411,13.0,221.2,441.0,694.0,3.1374,593,279,39,6,2,27,45.0,True,[],better,B_ok
44,충청남도,44131,천안시 동남구,전,urban_rural,3307,85.0,684.0,1380.0,2228.0,3.2573,2445,1982,1246,151,29,22,46.0,True,[],better,B_ok
44,충청남도,44133,천안시 서북구,답,urban_rural,2835,64.0,1144.0,2344.5,3417.42,2.9873,2172,1944,1507,435,56,13,75.0,False,['p90_p50<3.0'],better,B_ok
44,충청남도,44133,천안시 서북구,대,urban_rural,1173,29.0,264.5,483.0,830.8,3.141,518,276,77,19,12,15,30.0,True,[],better,B_ok
44,충청남도,44133,천안시 서북구,전,urban_rural,2003,50.0,570.0,1236.0,2187.8,3.8382,1341,1072,647,77,25,13,60.0,True,[],better,B_ok
44,충청남도,44150,공주시,답,urban_rural,5371,152.0,1154.0,2205.0,3024.0,2.6205,4442,3972,2945,596,64,31,40.0,False,['p90_p50<3.0'],better,B_ok
44,충청남도,44150,공주시,대,urban_rural,1525,43.0,327.0,542.1,837.4,2.5609,821,440,100,13,8,37,15.0,True,[],better,B_ok
44,충청남도,44150,공주시,전,urban_rural,3788,117.0,631.0,1217.5,2007.0,3.1807,2808,2185,1245,136,29,36,24.5,True,[],better,B_ok
44,충청남도,44180,보령시,답,urban_rural,4621,314.0,1560.0,2574.0,3708.7,2.3774,4174,3885,3154,753,226,21,118.0,False,['p90_p50<3.0'],better,B_ok
44,충청남도,44180,보령시,대,urban_rural,1283,62.0,294.0,483.0,716.4,2.4367,628,289,58,5,3,21,58.0,False,['p90_p50<2.5'],better,B_ok
44,충청남도,44180,보령시,전,urban_rural,2603,113.0,592.0,1151.0,1818.26,3.0714,1885,1448,790,73,26,21,37.0,True,[],better,B_ok
44,충청남도,44200,아산시,답,urban_rural,5550,128.0,1368.5,2765.4,4000.0,2.9229,4535,4112,3262,1164,235,30,51.0,False,['p90_p50<3.0'],better,B_ok
44,충청남도,44200,아산시,대,urban_rural,2338,37.0,272.85,486.0,759.1,2.7821,1061,536,128,19,14,30,34.5,True,[],better,B_ok
44,충청남도,44200,아산시,전,urban_rural,4901,71.0,523.0,1107.0,1932.0,3.6941,3270,2527,1391,205,69,30,31.0,True,[],better,B_ok
44,충청남도,44210,서산시,답,urban_rural,6537,198.6,1628.5,2945.0,4896.6,3.0068,5632,5194,4321,1513,614,24,53.0,True,[],better,B_ok
44,충청남도,44210,서산시,대,urban_rural,1339,42.0,286.0,508.5,738.22,2.5812,639,347,42,2,0,24,45.0,True,[],better,B_ok
44,충청남도,44210,서산시,전,urban_rural,4578,96.0,566.0,1157.0,2064.8,3.6481,3144,2445,1378,233,59,24,68.5,True,[],better,B_ok
44,충청남도,44230,논산시,답,urban_rural,6460,279.9,1756.0,2974.25,4095.4,2.3322,5777,5420,4531,1536,379,22,260.5,False,['p90_p50<3.0'],better,B_ok
44,충청남도,44230,논산시,대,urban_rural,1865,35.0,271.0,476.0,707.0,2.6089,874,424,71,6,2,24,73.0,True,[],better,B_ok
44,충청남도,44230,논산시,전,urban_rural,3728,89.7,645.0,1254.5,2093.0,3.245,2702,2163,1257,158,63,23,113.0,True,[],better,B_ok
44,충청남도,44250,계룡시,답,urban_rural,173,66.0,720.0,1425.0,2159.8,2.9997,125,103,70,3,0,3,39.0,False,['p90_p50<3.0'],good,B_skip
44,충청남도,44250,계룡시,대,urban_rural,189,100.0,257.8,334.0,505.86,1.9622,64,22,6,2,2,3,63.0,False,['p90_p50<2.5'],good,B_skip
44,충청남도,44250,계룡시,전,urban_rural,117,24.0,344.0,693.0,1425.76,4.1447,63,44,16,1,0,3,22.0,False,['n_ge_1000<20'],ok,B_skip
44,충청남도,44270,당진시,답,urban_rural,5941,288.0,1984.0,3540.0,4970.1,2.5051,5332,5047,4347,1862,522,22,128.0,False,['p90_p50<3.0'],better,B_ok
44,충청남도,44270,당진시,대,urban_rural,1595,66.0,307.0,526.0,789.2,2.5707,816,432,89,8,6,22,67.5,True,[],better,B_ok
44,충청남도,44270,당진시,전,urban_rural,4196,93.0,536.0,1075.25,1981.5,3.6968,2903,2213,1167,165,56,22,102.5,True,[],better,B_ok
44,충청남도,44710,금산군,답,gun,3403,165.0,1046.0,1725.5,2481.4,2.3723,2841,2569,1789,165,14,10,336.5,False,['p90_p50<3.0'],better,B_ok
44,충청남도,44710,금산군,대,gun,796,38.95,261.0,406.25,575.0,2.2031,327,134,16,1,0,10,82.0,True,[],better,B_ok
44,충청남도,44710,금산군,전,gun,2887,136.0,740.0,1323.0,2124.8,2.8714,2258,1869,1088,124,24,10,262.5,False,['p90_p50<3.0'],better,B_ok
44,충청남도,44760,부여군,답,gun,5501,457.0,1955.2,3029.8,4063.0,2.078,5119,4902,4235,1420,276,16,322.0,False,['p90_p50<3.0'],better,B_ok
44,충청남도,44760,부여군,대,gun,1295,47.4,275.0,483.0,719.4,2.616,597,299,47,3,1,16,75.0,True,[],better,B_ok
44,충청남도,44760,부여군,전,gun,2482,106.55,604.5,1117.0,1863.7,3.083,1816,1415,742,79,24,16,144.0,True,[],better,B_ok
44,충청남도,44770,서천군,답,gun,4168,411.0,1943.95,3114.125,4017.0,2.0664,3873,3676,3103,1132,180,13,300.0,False,['p90_p50<3.0'],better,B_ok
44,충청남도,44770,서천군,대,gun,1218,39.0,267.05,448.25,660.3,2.4726,534,235,36,1,0,13,93.0,True,[],better,B_ok
44,충청남도,44770,서천군,전,gun,2270,131.9,598.0,1068.75,1600.5,2.6764,1668,1280,635,34,9,13,150.0,False,['p90_p50<3.0'],better,B_ok
44,충청남도,44790,청양군,답,gun,2796,262.5,1588.5,2507.725,3370.0,2.1215,2484,2341,1947,414,43,10,276.5,False,['p90_p50<3.0'],better,B_ok
44,충청남도,44790,청양군,대,gun,536,62.5,350.8,559.75,769.0,2.1921,317,162,22,2,0,10,44.5,True,[],better,B_ok
44,충청남도,44790,청양군,전,gun,1957,139.0,713.0,1287.0,2034.2,2.853,1550,1251,704,63,10,10,209.0,False,['p90_p50<3.0'],better,B_ok
44,충청남도,44800,홍성군,답,gun,4068,456.7,1753.0,2680.0,3483.9,1.9874,3768,3615,3098,680,150,11,401.0,False,['p90_p50<3.0'],better,B_ok
44,충청남도,44800,홍성군,대,gun,1025,49.4,271.0,483.0,765.8,2.8258,475,237,51,4,3,11,72.0,True,[],better,B_ok
44,충청남도,44800,홍성군,전,gun,3309,115.0,661.0,1237.0,2036.0,3.0802,2518,2017,1106,130,38,11,283.0,True,[],better,B_ok
44,충청남도,44810,예산군,답,gun,5505,310.0,1707.6,2838.2,3883.2,2.2741,4964,4678,3896,1086,179,12,429.0,False,['p90_p50<3.0'],better,B_ok
44,충청남도,44810,예산군,대,gun,1338,43.7,268.4,483.0,760.8,2.8346,602,320,78,7,3,12,83.0,True,[],better,B_ok
44,충청남도,44810,예산군,전,gun,3729,96.0,573.0,1150.0,1978.0,3.452,2546,2029,1104,145,45,12,309.5,True,[],better,B_ok
44,충청남도,44825,태안군,답,gun,3748,339.7,1851.2,3129.25,4767.77,2.5755,3416,3240,2748,1007,312,8,489.0,False,['p90_p50<3.0'],better,B_ok
44,충청남도,44825,태안군,대,gun,1047,61.0,298.0,454.0,702.6,2.3577,518,221,46,16,11,8,128.5,True,[],better,B_ok
44,충청남도,44825,태안군,전,gun,3701,109.0,622.0,1194.0,2117.0,3.4035,2697,2109,1158,195,39,8,486.5,True,[],better,B_ok
47,경상북도,47111,포항시 남구,답,urban_rural,1546,119.0,887.5,1520.0,2091.0,2.3561,1239,1058,697,33,5,14,45.5,False,['p90_p50<3.0'],better,B_ok
47,경상북도,47111,포항시 남구,대,urban_rural,1143,18.0,168.3,303.55,476.0,2.8283,294,98,24,2,1,20,30.5,True,[],better,B_ok
47,경상북도,47111,포항시 남구,전,urban_rural,1055,62.4,446.0,1020.0,1874.6,4.2031,682,483,271,23,5,15,27.0,True,[],better,B_ok
47,경상북도,47113,포항시 북구,답,urban_rural,3992,216.2,1374.5,2031.25,2944.6,2.1423,3501,3213,2554,333,48,17,18.0,False,['p90_p50<3.0'],better,B_ok
47,경상북도,47113,포항시 북구,대,urban_rural,1652,17.0,212.0,357.25,541.89,2.5561,552,207,38,11,7,30,15.0,True,[],better,B_ok
47,경상북도,47113,포항시 북구,전,urban_rural,1987,110.2,665.0,1308.5,2254.4,3.3901,1469,1189,710,114,43,18,18.0,True,[],better,B_ok
47,경상북도,47130,경주시,답,urban_rural,8441,163.0,1096.0,1953.0,2608.0,2.3796,7065,6266,4548,538,73,47,63.0,False,['p90_p50<3.0'],better,B_ok
47,경상북도,47130,경주시,대,urban_rural,2061,19.0,228.0,390.0,591.8,2.5956,781,303,49,3,1,54,17.5,True,[],better,B_ok
47,경상북도,47130,경주시,전,urban_rural,4091,76.0,514.0,1031.0,1881.0,3.6595,2757,2090,1066,140,42,51,24.0,True,[],better,B_ok
47,경상북도,47150,김천시,답,urban_rural,5038,185.0,1302.0,2003.0,2786.3,2.14,4262,3872,2986,386,42,29,117.0,False,['p90_p50<3.0'],better,B_ok
47,경상북도,47150,김천시,대,urban_rural,1266,36.0,264.0,423.0,602.15,2.2809,519,215,36,6,3,34,34.0,False,['p90_p50<2.5'],better,B_ok
47,경상북도,47150,김천시,전,urban_rural,2888,145.0,840.0,1481.0,2205.0,2.625,2245,1883,1251,117,20,31,54.0,False,['p90_p50<3.0'],better,B_ok
47,경상북도,47170,안동시,답,urban_rural,3948,298.7,1340.3,2139.0,3075.2,2.2944,3552,3261,2481,434,70,30,25.5,False,['p90_p50<3.0'],better,B_ok
47,경상북도,47170,안동시,대,urban_rural,1458,39.7,294.25,489.5,798.8,2.7147,715,347,96,14,2,53,10.0,True,[],better,B_ok
47,경상북도,47170,안동시,전,urban_rural,4542,204.1,1190.0,2241.0,3446.1,2.8959,3854,3397,2532,657,147,35,33.0,False,['p90_p50<3.0'],better,B_ok
47,경상북도,47190,구미시,답,urban_rural,3411,165.0,1385.0,2182.0,3139.0,2.2664,2867,2653,2158,411,60,36,15.5,False,['p90_p50<3.0'],better,B_ok
47,경상북도,47190,구미시,대,urban_rural,1223,27.0,266.0,400.55,604.6,2.2729,524,182,37,6,3,35,13.0,False,['p90_p50<2.5'],better,B_ok
47,경상북도,47190,구미시,전,urban_rural,1533,100.4,802.0,1452.0,2126.8,2.6519,1184,998,636,70,16,36,9.0,False,['p90_p50<3.0'],better,B_ok
47,경상북도,47210,영주시,답,urban_rural,2926,286.5,1765.35,2862.75,4035.2,2.2858,2618,2471,2058,652,141,22,45.0,False,['p90_p50<3.0'],better,B_ok
47,경상북도,47210,영주시,대,urban_rural,885,43.0,307.0,501.0,759.44,2.4737,451,223,45,2,1,23,38.0,False,['p90_p50<2.5'],better,B_ok
47,경상북도,47210,영주시,전,urban_rural,3115,203.46,1220.0,2456.0,3965.8,3.2507,2650,2362,1791,575,164,22,63.0,True,[],better,B_ok
47,경상북도,47230,영천시,답,urban_rural,5000,231.0,1007.0,1617.75,2053.0,2.0387,4366,3863,2523,136,22,35,31.0,False,['p90_p50<3.0'],better,B_ok
47,경상북도,47230,영천시,대,urban_rural,1042,34.0,223.5,360.0,518.6,2.3204,361,116,13,1,0,39,9.0,False,['p90_p50<2.5'],better,B_ok
47,경상북도,47230,영천시,전,urban_rural,2706,129.0,635.5,1192.25,1983.0,3.1204,1998,1598,889,89,23,39,15.0,True,[],better,B_ok
47,경상북도,47250,상주시,답,urban_rural,7029,325.8,1669.0,2603.5,3600.18,2.1571,6380,6030,4990,1229,192,51,47.0,False,['p90_p50<3.0'],better,B_ok
47,경상북도,47250,상주시,대,urban_rural,1425,37.8,304.0,483.0,694.0,2.2829,719,316,41,2,2,54,14.0,False,['p90_p50<2.5'],better,B_ok
47,경상북도,47250,상주시,전,urban_rural,3627,182.0,978.0,1708.5,2560.4,2.618,2981,2586,1776,241,47,50,18.5,False,['p90_p50<3.0'],better,B_ok
47,경상북도,47280,문경시,답,urban_rural,2731,277.0,1560.0,2296.0,3074.0,1.9705,2436,2295,1889,318,34,20,45.5,False,['p90_p50<3.0'],better,B_ok
47,경상북도,47280,문경시,대,urban_rural,1063,30.0,274.0,484.5,736.24,2.687,494,247,57,10,6,20,49.0,True,[],better,B_ok
47,경상북도,47280,문경시,전,urban_rural,2062,151.0,968.0,1926.25,3081.0,3.1829,1678,1443,1004,222,61,19,31.0,True,[],better,B_ok
47,경상북도,47290,경산시,답,urban_rural,2275,136.4,850.0,1514.0,2024.6,2.3819,1838,1583,987,41,2,29,10.0,False,['p90_p50<3.0'],better,B_ok
47,경상북도,47290,경산시,대,urban_rural,712,13.0,186.0,321.475,573.9,3.0855,199,88,25,10,6,33,11.0,True,[],better,B_ok
47,경상북도,47290,경산시,전,urban_rural,1229,55.8,469.0,1000.0,1680.8,3.5838,766,576,308,39,13,30,9.0,True,[],better,B_ok
47,경상북도,47730,의성군,답,gun,5168,291.0,1230.0,2007.0,3032.0,2.465,4637,4276,3085,538,97,18,271.5,False,['p90_p50<3.0'],better,B_ok
47,경상북도,47730,의성군,대,gun,1136,40.0,248.0,384.55,549.5,2.2157,450,149,24,0,0,18,57.0,True,[],better,B_ok
47,경상북도,47730,의성군,전,gun,3276,165.0,929.0,1719.0,2593.0,2.7912,2641,2295,1542,229,58,18,209.0,False,['p90_p50<3.0'],better,B_ok
47,경상북도,47750,청송군,답,gun,2196,221.0,1116.5,1795.0,2616.5,2.3435,1908,1719,1215,161,15,8,239.0,False,['p90_p50<3.0'],better,B_ok
47,경상북도,47750,청송군,대,gun,639,33.8,273.0,416.65,579.0,2.1209,288,92,12,0,0,8,74.5,True,[],better,B_ok
47,경상북도,47750,청송군,전,gun,2404,201.0,1346.5,2579.75,3890.7,2.8895,2036,1798,1416,453,128,8,259.5,False,['p90_p50<3.0'],better,B_ok
47,경상북도,47760,영양군,답,gun,1113,254.8,1246.0,1983.0,2887.4,2.3173,987,890,685,76,3,6,159.0,False,['p90_p50<3.0'],better,B_ok
47,경상북도,47760,영양군,대,gun,372,90.2,326.5,466.0,682.5,2.0904,206,75,12,3,0,6,65.0,True,[],better,B_ok
47,경상북도,47760,영양군,전,gun,1963,175.0,1145.0,2412.5,4186.6,3.6564,1642,1437,1061,365,116,6,317.5,True,[],better,B_ok
47,경상북도,47770,영덕군,답,gun,2306,255.0,1334.0,2253.275,3084.8,2.3124,2043,1846,1450,264,38,9,224.0,False,['p90_p50<3.0'],better,B_ok
47,경상북도,47770,영덕군,대,gun,837,30.0,215.0,347.0,519.8,2.4177,274,89,19,2,0,9,88.0,True,[],better,B_ok
47,경상북도,47770,영덕군,전,gun,1523,132.0,803.0,1637.0,2801.6,3.4889,1184,973,633,133,18,9,142.0,True,[],better,B_ok
47,경상북도,47820,청도군,답,gun,3978,153.7,747.0,1292.25,2022.05,2.7069,3216,2695,1513,115,6,9,445.0,False,['p90_p50<3.0'],better,B_ok
47,경상북도,47820,청도군,대,gun,801,18.0,182.0,337.0,502.0,2.7582,239,81,7,1,0,9,90.0,True,[],better,B_ok
47,경상북도,47820,청도군,전,gun,2023,116.0,570.0,1016.5,1656.0,2.9053,1441,1118,527,49,17,9,200.0,False,['p90_p50<3.0'],better,B_ok
47,경상북도,47830,고령군,답,gun,2487,255.0,1200.0,1998.5,2905.4,2.4212,2193,1997,1442,206,24,8,330.0,False,['p90_p50<3.0'],better,B_ok
47,경상북도,47830,고령군,대,gun,494,27.58,198.5,359.75,545.7,2.7491,157,61,14,2,0,8,62.0,True,[],better,B_ok
47,경상북도,47830,고령군,전,gun,884,97.8,574.0,1102.25,1778.1,3.0977,633,496,257,26,9,8,99.5,True,[],better,B_ok
47,경상북도,47840,성주군,답,gun,4402,186.0,1355.0,2154.8,3016.0,2.2258,3715,3414,2665,477,53,10,471.5,False,['p90_p50<3.0'],better,B_ok
47,경상북도,47840,성주군,대,gun,895,34.0,235.0,374.0,520.8,2.2162,332,105,10,1,1,10,81.0,True,[],better,B_ok
47,경상북도,47840,성주군,전,gun,1746,109.0,604.5,1220.0,1951.5,3.2283,1261,969,576,52,10,10,177.5,True,[],better,B_ok
47,경상북도,47850,칠곡군,답,gun,2113,89.0,800.0,1562.0,2227.4,2.7842,1599,1349,913,96,7,8,261.5,False,['p90_p50<3.0'],better,B_ok
47,경상북도,47850,칠곡군,대,gun,699,19.8,237.7,401.0,631.74,2.6577,271,119,25,3,2,8,82.0,True,[],better,B_ok
47,경상북도,47850,칠곡군,전,gun,1216,63.5,502.0,1018.0,1759.5,3.505,789,609,317,35,8,8,152.0,True,[],better,B_ok
47,경상북도,47900,예천군,답,gun,3395,476.8,1789.0,2695.45,3669.6,2.0512,3187,3037,2593,634,103,12,293.5,False,['p90_p50<3.0'],better,B_ok
47,경상북도,47900,예천군,대,gun,816,69.0,337.0,527.425,819.5,2.4318,459,229,44,2,0,12,65.5,True,[],better,B_ok
47,경상북도,47900,예천군,전,gun,2169,251.0,1359.0,2312.0,3417.0,2.5143,1908,1733,1334,310,63,12,169.5,False,['p90_p50<3.0'],better,B_ok
47,경상북도,47920,봉화군,답,gun,1921,326.0,1589.0,2622.0,3848.0,2.4216,1743,1624,1311,357,79,10,168.0,False,['p90_p50<3.0'],better,B_ok
47,경상북도,47920,봉화군,대,gun,644,35.0,277.0,491.0,745.2,2.6903,296,153,32,0,0,10,56.0,True,[],better,B_ok
47,경상북도,47920,봉화군,전,gun,3089,193.8,1233.0,2793.0,4711.0,3.8208,2571,2260,1728,701,269,10,323.0,True,[],better,B_ok
47,경상북도,47930,울진군,답,gun,2055,189.4,1030.0,1616.0,2416.6,2.3462,1764,1566,1064,93,11,10,224.5,False,['p90_p50<3.0'],better,B_ok
47,경상북도,47930,울진군,대,gun,588,26.0,205.0,371.0,602.04,2.9368,192,93,7,0,0,10,61.0,True,[],better,B_ok
47,경상북도,47930,울진군,전,gun,1806,116.0,605.0,1179.75,1884.0,3.114,1305,1023,556,46,18,10,183.0,True,[],better,B_ok
47,경상북도,47940,울릉군,답,gun,45,14.0,401.0,922.0,1695.2,4.2274,23,19,10,0,0,3,8.0,False,"['n<80', 'n_ge_1000<20']",exclude,B_skip
47,경상북도,47940,울릉군,대,gun,147,9.0,48.0,145.5,362.8,7.5583,17,11,2,1,0,3,59.0,False,['n_ge_500<15'],ok,B_skip
47,경상북도,47940,울릉군,전,gun,307,117.8,992.0,2672.5,7334.0,7.3931,229,184,149,70,39,3,83.0,True,[],better,B_skip
48,경상남도,48121,창원시 의창구,답,urban_rural,1764,180.0,1408.5,2462.05,3525.0,2.5027,1497,1356,1088,259,26,12,10.0,False,['p90_p50<3.0'],better,B_ok
48,경상남도,48121,창원시 의창구,대,urban_rural,467,13.6,175.0,305.85,549.4,3.1394,121,56,20,6,2,16,7.0,True,[],better,B_skip
48,경상남도,48121,창원시 의창구,전,urban_rural,540,65.0,464.5,1009.0,1655.0,3.563,338,256,136,7,1,9,6.0,True,[],better,B_skip
48,경상남도,48123,창원시 성산구,답,urban_rural,53,30.2,350.0,875.0,1379.6,3.9417,27,23,9,1,1,9,5.0,False,"['n<100', 'n_ge_1000<20']",note,B_skip
48,경상남도,48123,창원시 성산구,대,urban_rural,65,14.4,249.5,270.8,1303.34,5.2238,14,9,7,1,0,16,3.5,False,"['n<100', 'n_ge_500<20']",note,B_skip
48,경상남도,48123,창원시 성산구,전,urban_rural,39,71.2,351.0,610.0,1033.8,2.9453,22,13,7,0,0,7,4.0,False,"['n<100', 'p90_p50<3.0', 'n_ge_1000<20']",exclude,B_skip
48,경상남도,48125,창원시 마산합포구,답,urban_rural,1259,96.8,660.0,1264.5,2000.0,3.0303,902,740,417,26,4,14,8.0,True,[],better,B_ok
48,경상남도,48125,창원시 마산합포구,대,urban_rural,667,10.0,99.0,254.55,428.0,4.3232,132,53,11,2,1,47,4.0,True,[],better,B_skip
48,경상남도,48125,창원시 마산합포구,전,urban_rural,572,60.0,354.0,727.0,1208.8,3.4147,322,219,87,2,1,13,10.0,True,[],better,B_ok
48,경상남도,48127,창원시 마산회원구,답,urban_rural,346,61.0,468.0,969.5,1466.0,3.1325,231,166,84,5,2,7,5.0,True,[],better,B_skip
48,경상남도,48127,창원시 마산회원구,대,urban_rural,457,9.6,74.4,145.0,290.06,3.8987,43,19,8,5,3,9,20.0,False,['n_ge_500<20'],better,B_ok
48,경상남도,48127,창원시 마산회원구,전,urban_rural,119,71.4,383.0,768.0,1158.0,3.0235,66,51,18,1,0,8,6.5,False,['n_ge_1000<20'],ok,B_skip
48,경상남도,48129,창원시 진해구,답,urban_rural,518,47.0,472.5,1041.75,1679.2,3.5539,318,252,150,13,2,25,14.0,True,[],better,B_ok
48,경상남도,48129,창원시 진해구,대,urban_rural,714,7.0,86.0,228.8,422.4,4.9116,105,60,19,5,2,42,6.0,True,[],better,B_skip
48,경상남도,48129,창원시 진해구,전,urban_rural,398,30.7,294.0,723.75,1167.0,3.9694,192,143,66,3,2,31,10.0,True,[],better,B_ok
48,경상남도,48170,진주시,답,urban_rural,4909,214.4,1203.0,2000.0,2965.0,2.4647,4275,3866,2877,452,21,33,59.0,False,['p90_p50<3.0'],better,B_ok
48,경상남도,48170,진주시,대,urban_rural,1449,28.0,241.0,328.4,541.6,2.2473,450,162,48,7,4,44,21.5,False,['p90_p50<2.5'],better,B_ok
48,경상남도,48170,진주시,전,urban_rural,2566,127.5,608.0,1180.75,1851.5,3.0452,1842,1443,803,89,24,33,45.0,True,[],better,B_ok
48,경상남도,48220,통영시,답,urban_rural,977,93.0,519.0,1002.0,1618.2,3.1179,662,503,246,13,1,14,34.0,True,[],better,B_ok
48,경상남도,48220,통영시,대,urban_rural,663,14.0,116.0,241.5,417.22,3.5967,128,40,13,2,0,24,9.5,True,[],better,B_ok
48,경상남도,48220,통영시,전,urban_rural,1425,88.0,462.0,939.0,1568.2,3.3944,926,674,319,27,2,18,23.5,True,[],better,B_ok
48,경상남도,48240,사천시,답,urban_rural,2645,168.4,1174.0,1984.0,2848.96,2.4267,2233,2006,1496,213,21,27,26.0,False,['p90_p50<3.0'],better,B_ok
48,경상남도,48240,사천시,대,urban_rural,880,20.0,182.0,362.25,592.6,3.256,285,123,36,5,3,33,11.0,True,[],better,B_ok
48,경상남도,48240,사천시,전,urban_rural,1472,79.0,423.0,863.0,1444.6,3.4151,914,651,305,27,5,33,14.0,True,[],better,B_ok
48,경상남도,48250,김해시,답,urban_rural,2733,43.0,645.0,1670.0,2867.84,4.4463,1841,1542,1073,199,15,39,23.0,True,[],better,B_ok
48,경상남도,48250,김해시,대,urban_rural,1513,16.0,233.7,351.2,549.48,2.3512,497,190,49,8,6,40,18.5,False,['p90_p50<2.5'],better,B_ok
48,경상남도,48250,김해시,전,urban_rural,1328,30.7,300.0,711.0,1292.6,4.3087,665,459,215,21,9,37,10.0,True,[],better,B_ok
48,경상남도,48270,밀양시,답,urban_rural,5305,152.4,1045.0,2112.0,3191.74,3.0543,4337,3831,2752,712,110,18,315.5,True,[],better,B_ok
48,경상남도,48270,밀양시,대,urban_rural,1627,21.0,186.0,338.5,569.08,3.0596,483,211,42,10,8,19,98.0,True,[],better,B_ok
48,경상남도,48270,밀양시,전,urban_rural,2598,76.7,483.0,918.5,1511.6,3.1296,1697,1254,577,39,11,19,113.0,True,[],better,B_ok
48,경상남도,48310,거제시,답,urban_rural,2716,65.5,557.0,1107.0,1891.0,3.395,1781,1445,767,60,5,21,48.0,True,[],better,B_ok
48,경상남도,48310,거제시,대,urban_rural,855,10.0,127.0,324.0,594.9,4.6843,232,116,26,0,0,22,33.0,True,[],better,B_ok
48,경상남도,48310,거제시,전,urban_rural,1696,52.0,377.0,784.0,1277.0,3.3873,973,687,288,21,5,22,16.0,True,[],better,B_ok
48,경상남도,48330,양산시,답,urban_rural,1968,42.7,396.0,938.25,1686.0,4.2576,1137,842,459,32,4,24,37.0,True,[],better,B_ok
48,경상남도,48330,양산시,대,urban_rural,871,16.0,211.4,340.3,612.0,2.895,268,125,46,6,4,26,13.5,True,[],better,B_ok
48,경상남도,48330,양산시,전,urban_rural,1165,29.4,233.0,577.0,1050.2,4.5073,529,356,132,9,3,24,18.0,True,[],better,B_ok
48,경상남도,48720,의령군,답,gun,2855,245.4,1127.0,2007.5,2978.64,2.643,2517,2254,1602,261,29,13,221.0,False,['p90_p50<3.0'],better,B_ok
48,경상남도,48720,의령군,대,gun,738,34.4,230.0,377.0,526.0,2.287,272,88,6,0,0,13,53.0,True,[],better,B_ok
48,경상남도,48720,의령군,전,gun,1055,139.0,614.0,1176.0,1912.2,3.1143,766,610,343,19,4,13,82.0,True,[],better,B_ok
48,경상남도,48730,함안군,답,gun,3722,201.0,1217.0,2144.75,3299.45,2.7111,3201,2858,2120,512,64,10,321.5,False,['p90_p50<3.0'],better,B_ok
48,경상남도,48730,함안군,대,gun,883,21.0,209.0,361.0,544.8,2.6067,299,112,19,0,0,10,72.0,True,[],better,B_ok
48,경상남도,48730,함안군,전,gun,1645,79.0,546.0,1181.0,1947.0,3.5659,1133,887,500,52,8,10,163.5,True,[],better,B_ok
48,경상남도,48740,창녕군,답,gun,5229,247.8,1281.0,2029.0,3005.28,2.346,4624,4245,3188,537,92,14,374.5,False,['p90_p50<3.0'],better,B_ok
48,경상남도,48740,창녕군,대,gun,1079,27.0,203.0,336.0,547.2,2.6956,339,133,19,0,0,14,63.0,True,[],better,B_ok
48,경상남도,48740,창녕군,전,gun,2181,122.0,724.0,1332.0,2040.0,2.8177,1631,1347,839,87,16,14,129.0,False,['p90_p50<3.0'],better,B_ok
48,경상남도,48820,고성군,답,gun,4533,206.4,1081.0,1929.0,2858.2,2.644,3900,3454,2443,317,25,14,292.0,False,['p90_p50<3.0'],better,B_ok
48,경상남도,48820,고성군,대,gun,919,19.8,175.0,331.5,554.12,3.1664,265,123,21,2,0,14,51.0,True,[],better,B_ok
48,경상남도,48820,고성군,전,gun,1742,104.0,526.0,994.25,1533.7,2.9158,1205,903,431,22,8,14,100.0,False,['p90_p50<3.0'],better,B_ok
48,경상남도,48840,남해군,답,gun,2638,103.94,687.0,1190.0,1884.34,2.7429,2028,1647,848,53,3,10,293.5,False,['p90_p50<3.0'],better,B_ok
48,경상남도,48840,남해군,대,gun,905,18.0,142.0,281.0,482.92,3.4008,205,80,8,1,0,10,99.5,True,[],better,B_ok
48,경상남도,48840,남해군,전,gun,2037,73.0,462.0,800.0,1233.0,2.6688,1302,955,322,19,4,10,194.5,False,['p90_p50<3.0'],better,B_ok
48,경상남도,48850,하동군,답,gun,3795,141.36,1170.0,2003.0,2848.36,2.4345,3106,2778,2150,292,32,13,239.0,False,['p90_p50<3.0'],better,B_ok
48,경상남도,48850,하동군,대,gun,780,28.9,185.0,341.25,505.1,2.7303,235,80,12,0,0,13,63.0,True,[],better,B_ok
48,경상남도,48850,하동군,전,gun,1539,82.8,464.0,910.0,1444.4,3.1129,982,720,318,29,11,13,135.0,True,[],better,B_ok
48,경상남도,48860,산청군,답,gun,2912,175.2,1109.0,1926.0,2646.0,2.3859,2443,2155,1574,179,9,11,230.0,False,['p90_p50<3.0'],better,B_ok
48,경상남도,48860,산청군,대,gun,771,24.0,201.0,380.0,550.9,2.7408,264,95,15,0,0,11,62.0,True,[],better,B_ok
48,경상남도,48860,산청군,전,gun,1264,109.0,545.0,967.5,1650.0,3.0275,888,682,303,51,12,11,113.0,True,[],better,B_ok
48,경상남도,48870,함양군,답,gun,2738,197.1,1233.45,1950.0,2646.3,2.1454,2347,2142,1652,181,11,11,220.0,False,['p90_p50<3.0'],better,B_ok
48,경상남도,48870,함양군,대,gun,687,21.0,179.0,317.0,496.0,2.7709,186,68,12,1,1,11,48.0,True,[],better,B_ok
48,경상남도,48870,함양군,전,gun,1774,91.0,567.0,1074.0,1738.1,3.0654,1231,946,499,62,24,11,134.0,True,[],better,B_ok
48,경상남도,48880,거창군,답,gun,3878,203.4,1252.0,1956.075,2827.8,2.2586,3345,3052,2351,296,28,12,284.0,False,['p90_p50<3.0'],better,B_ok
48,경상남도,48880,거창군,대,gun,895,32.0,225.0,340.1,486.0,2.16,297,87,11,0,0,12,61.5,True,[],better,B_ok
48,경상남도,48880,거창군,전,gun,2301,129.0,674.0,1294.0,2086.0,3.095,1726,1382,820,120,51,12,181.5,True,[],better,B_ok
48,경상남도,48890,합천군,답,gun,5299,248.0,1136.0,1890.5,2740.2,2.4121,4681,4172,2979,358,45,17,275.0,False,['p90_p50<3.0'],better,B_ok
48,경상남도,48890,합천군,대,gun,1045,34.4,190.0,304.0,450.0,2.3684,271,76,8,1,1,17,55.0,True,[],better,B_ok
48,경상남도,48890,합천군,전,gun,1968,121.0,612.0,1127.0,1752.0,2.8627,1432,1105,589,39,14,17,120.0,False,['p90_p50<3.0'],better,B_ok
50,제주특별자치도,50110,제주시,답,urban_rural,205,108.2,374.0,644.0,1097.2,2.9337,122,77,24,5,0,13,9.0,False,['p90_p50<3.0'],good,B_ok
50,제주특별자치도,50110,제주시,대,urban_rural,1671,23.0,245.0,404.65,598.0,2.4408,670,257,60,12,6,47,14.0,False,['p90_p50<2.5'],better,B_ok
50,제주특별자치도,50110,제주시,전,urban_rural,6700,119.9,850.0,1881.0,3177.0,3.7376,5403,4458,3029,763,199,42,31.0,True,[],better,B_ok
50,제주특별자치도,50130,서귀포시,답,urban_rural,183,152.6,612.0,1041.5,1888.0,3.085,139,105,48,9,1,17,6.0,True,[],good,B_skip
50,제주특별자치도,50130,서귀포시,대,urban_rural,956,21.0,259.35,443.45,751.85,2.899,403,194,57,6,4,26,17.0,True,[],better,B_ok
50,제주특별자치도,50130,서귀포시,전,urban_rural,3652,90.1,884.0,2183.5,3787.4,4.2844,2828,2322,1714,574,197,26,43.0,True,[],better,B_ok
51,강원특별자치도,51110,춘천시,답,urban_rural,2105,72.4,588.0,1409.0,2360.0,4.0136,1483,1155,728,116,16,18,109.5,True,[],better,B_ok
51,강원특별자치도,51110,춘천시,대,urban_rural,1435,20.52,208.0,385.5,614.0,2.9519,503,215,36,7,2,37,22.0,True,[],better,B_ok
51,강원특별자치도,51110,춘천시,전,urban_rural,4364,73.3,483.5,1055.5,2048.7,4.2372,2829,2111,1158,229,61,23,131.0,True,[],better,B_ok
51,강원특별자치도,51130,원주시,답,urban_rural,3565,111.08,991.0,1918.0,2796.88,2.8223,2792,2436,1757,259,25,22,95.5,False,['p90_p50<3.0'],better,B_ok
51,강원특별자치도,51130,원주시,대,urban_rural,1951,15.0,237.0,380.0,654.0,2.7595,769,301,77,19,13,27,58.0,True,[],better,B_ok
51,강원특별자치도,51130,원주시,전,urban_rural,4250,98.0,643.5,1329.0,2295.3,3.5669,3114,2465,1450,250,62,23,92.0,True,[],better,B_ok
51,강원특별자치도,51150,강릉시,답,urban_rural,2169,140.0,1101.0,1964.0,2863.6,2.6009,1801,1597,1171,160,22,38,20.0,False,['p90_p50<3.0'],better,B_ok
51,강원특별자치도,51150,강릉시,대,urban_rural,1363,20.0,212.0,401.5,652.6,3.0783,515,248,49,3,1,45,11.0,True,[],better,B_ok
51,강원특별자치도,51150,강릉시,전,urban_rural,3099,76.8,615.0,1309.0,2504.6,4.0725,2216,1764,1011,225,91,39,25.0,True,[],better,B_ok
51,강원특별자치도,51170,동해시,답,prov_city,193,47.0,724.0,1326.0,2217.4,3.0627,130,104,70,6,0,27,5.0,True,[],good,B_skip
51,강원특별자치도,51170,동해시,대,prov_city,606,23.0,165.0,307.3,518.85,3.1445,160,64,7,0,0,30,12.5,True,[],better,B_ok
51,강원특별자치도,51170,동해시,전,prov_city,572,42.2,409.0,945.25,1586.1,3.878,339,242,125,7,2,34,12.5,True,[],better,B_ok
51,강원특별자치도,51190,태백시,답,prov_city,4,38.7,132.5,541.5,1195.8,9.0249,1,1,1,0,0,2,2.0,False,"['n<100', 'n_ge_1000<20']",exclude,B_skip
51,강원특별자치도,51190,태백시,대,prov_city,259,19.0,117.0,271.5,585.2,5.0017,61,31,12,3,0,16,5.0,True,[],good,B_skip
51,강원특별자치도,51190,태백시,전,prov_city,380,110.0,810.0,2150.875,4445.4,5.4881,287,236,173,69,33,17,12.0,True,[],better,B_ok
51,강원특별자치도,51210,속초시,답,prov_city,189,92.0,592.0,1189.0,2061.2,3.4818,136,99,59,11,4,8,14.5,True,[],good,B_ok
51,강원특별자치도,51210,속초시,대,prov_city,531,7.0,67.5,162.0,345.0,5.1111,62,31,8,1,0,13,50.0,True,[],better,B_ok
51,강원특별자치도,51210,속초시,전,prov_city,295,46.0,357.0,915.5,1548.2,4.3367,174,119,65,7,3,11,19.0,True,[],good,B_ok
51,강원특별자치도,51230,삼척시,답,urban_rural,596,150.5,757.5,1331.275,1978.5,2.6119,477,384,229,19,2,12,18.5,False,['p90_p50<3.0'],better,B_ok
51,강원특별자치도,51230,삼척시,대,urban_rural,413,30.2,222.0,350.0,520.6,2.345,141,46,5,0,0,27,5.0,False,['p90_p50<2.5'],better,B_skip
51,강원특별자치도,51230,삼척시,전,urban_rural,1568,150.7,862.65,1954.0,3682.0,4.2682,1234,1042,718,219,90,29,12.0,True,[],better,B_ok
51,강원특별자치도,51720,홍천군,답,gun,3183,137.2,1061.0,1914.5,2827.6,2.665,2533,2243,1661,241,35,10,348.0,False,['p90_p50<3.0'],better,B_ok
51,강원특별자치도,51720,홍천군,대,gun,1182,36.1,255.0,432.85,660.0,2.5882,517,229,36,6,0,10,98.0,True,[],better,B_ok
51,강원특별자치도,51720,홍천군,전,gun,6021,105.0,642.0,1322.0,2574.0,4.0093,4518,3525,2032,470,191,10,584.5,True,[],better,B_ok
51,강원특별자치도,51730,횡성군,답,gun,2513,199.2,1269.0,2233.0,3009.8,2.3718,2157,1960,1480,262,32,9,232.0,False,['p90_p50<3.0'],better,B_ok
51,강원특별자치도,51730,횡성군,대,gun,1036,49.5,290.5,502.0,712.0,2.4509,508,262,35,1,0,9,91.0,True,[],better,B_ok
51,강원특별자치도,51730,횡성군,전,gun,5184,134.0,740.0,1502.25,2810.28,3.7977,4094,3317,1985,459,155,9,508.0,True,[],better,B_ok
51,강원특별자치도,51750,영월군,답,gun,738,185.0,1172.0,2002.025,2960.0,2.5256,626,574,420,60,7,9,73.0,False,['p90_p50<3.0'],better,B_ok
51,강원특별자치도,51750,영월군,대,gun,901,40.0,262.0,427.9,660.0,2.5191,385,170,39,12,3,9,81.0,True,[],better,B_ok
51,강원특별자치도,51750,영월군,전,gun,4050,120.0,797.0,1653.0,3050.0,3.8269,3099,2607,1688,417,138,9,512.0,True,[],better,B_ok
51,강원특별자치도,51760,평창군,답,gun,906,178.5,1150.0,2045.125,2955.5,2.57,762,686,507,70,4,8,126.0,False,['p90_p50<3.0'],better,B_ok
51,강원특별자치도,51760,평창군,대,gun,957,50.0,234.0,397.0,611.4,2.6128,375,145,30,2,1,8,122.0,True,[],better,B_ok
51,강원특별자치도,51760,평창군,전,gun,5984,141.3,874.0,1769.0,3408.0,3.8993,4763,4041,2697,766,335,8,692.0,True,[],better,B_ok
51,강원특별자치도,51770,정선군,답,gun,393,241.4,1256.0,2040.0,2992.8,2.3828,344,307,241,38,3,7,22.0,False,['p90_p50<3.0'],better,B_ok
51,강원특별자치도,51770,정선군,대,gun,473,26.4,251.0,433.8,660.0,2.6295,197,93,20,3,1,9,42.0,True,[],better,B_ok
51,강원특별자치도,51770,정선군,전,gun,2606,193.5,1214.5,2734.75,5482.5,4.5142,2222,1941,1442,586,293,9,280.0,True,[],better,B_ok
51,강원특별자치도,51780,철원군,답,gun,2661,288.0,2136.0,3844.2,5039.2,2.3592,2383,2244,1964,920,281,7,276.0,False,['p90_p50<3.0'],better,B_ok
51,강원특별자치도,51780,철원군,대,gun,551,39.0,258.0,440.5,638.0,2.4729,233,105,14,1,0,7,67.0,True,[],better,B_ok
51,강원특별자치도,51780,철원군,전,gun,1384,104.0,669.0,1773.75,4013.4,5.9991,995,816,540,202,108,7,201.0,True,[],better,B_ok
51,강원특별자치도,51790,화천군,답,gun,583,193.2,1211.0,2134.65,3013.6,2.4885,494,441,326,61,11,5,96.0,False,['p90_p50<3.0'],better,B_ok
51,강원특별자치도,51790,화천군,대,gun,277,45.2,268.0,493.0,692.4,2.5836,129,69,9,1,0,5,52.0,True,[],good,B_ok
51,강원특별자치도,51790,화천군,전,gun,1224,153.6,890.5,1913.25,3676.0,4.128,998,838,558,182,68,5,241.0,True,[],better,B_ok
51,강원특별자치도,51800,양구군,답,gun,1229,239.0,1754.0,3107.1,4620.78,2.6344,1089,1009,840,339,95,5,206.0,False,['p90_p50<3.0'],better,B_ok
51,강원특별자치도,51800,양구군,대,gun,460,63.0,254.0,406.15,660.0,2.5984,183,80,18,1,0,5,80.0,True,[],better,B_ok
51,강원특별자치도,51800,양구군,전,gun,2225,257.6,1781.0,4375.7,8113.08,4.5554,1963,1791,1472,797,480,5,233.0,True,[],better,B_ok
51,강원특별자치도,51810,인제군,답,gun,581,101.0,932.0,1992.6,3300.0,3.5408,457,400,282,73,12,6,89.0,True,[],better,B_ok
51,강원특별자치도,51810,인제군,대,gun,462,24.1,221.65,370.0,596.9,2.693,174,70,10,0,0,6,64.0,True,[],better,B_ok
51,강원특별자치도,51810,인제군,전,gun,1665,122.0,783.0,1653.0,3332.0,4.2554,1281,1075,695,202,71,6,292.5,True,[],better,B_ok
51,강원특별자치도,51820,고성군,답,gun,1344,254.9,1703.5,2797.125,3678.24,2.1592,1195,1116,932,252,43,5,260.0,False,['p90_p50<3.0'],better,B_ok
51,강원특별자치도,51820,고성군,대,gun,492,17.0,189.5,439.675,581.21,3.0671,185,96,12,0,0,5,63.0,True,[],better,B_ok
51,강원특별자치도,51820,고성군,전,gun,845,92.4,660.0,1408.0,2511.0,3.8045,608,488,288,56,18,5,154.0,True,[],better,B_ok
51,강원특별자치도,51830,양양군,답,gun,1007,127.8,1036.0,1977.0,3163.8,3.0539,814,700,518,120,10,6,166.5,True,[],better,B_ok
51,강원특별자치도,51830,양양군,대,gun,596,26.5,313.85,541.1,682.0,2.173,307,164,23,7,5,6,89.0,True,[],better,B_ok
51,강원특별자치도,51830,양양군,전,gun,1666,66.5,506.0,1035.0,1747.0,3.4526,1095,839,432,48,12,6,275.0,True,[],better,B_ok
52,전북특별자치도,52111,전주시 완산구,답,urban_rural,452,34.0,567.5,1469.0,2378.7,4.1915,314,245,164,25,3,22,17.5,True,[],better,B_ok
52,전북특별자치도,52111,전주시 완산구,대,urban_rural,1064,12.0,122.15,235.5,432.34,3.5394,192,66,8,2,1,46,10.0,True,[],better,B_ok
52,전북특별자치도,52111,전주시 완산구,전,urban_rural,390,29.9,285.0,723.0,1400.3,4.9133,189,135,60,6,1,25,12.0,True,[],better,B_ok
52,전북특별자치도,52113,전주시 덕진구,답,urban_rural,1033,128.0,1209.0,2399.0,3840.16,3.1763,837,762,575,194,8,33,29.0,True,[],better,B_ok
52,전북특별자치도,52113,전주시 덕진구,대,urban_rural,984,20.0,235.95,350.825,535.0,2.2674,368,115,36,7,4,35,14.0,False,['p90_p50<2.5'],better,B_ok
52,전북특별자치도,52113,전주시 덕진구,전,urban_rural,803,36.0,430.0,1066.0,1809.0,4.207,472,363,222,29,7,34,23.0,True,[],better,B_ok
52,전북특별자치도,52130,군산시,답,urban_rural,4219,264.0,2625.0,3920.05,4711.0,1.7947,3753,3522,3112,1864,216,30,41.0,False,['p90_p50<3.0'],better,B_ok
52,전북특별자치도,52130,군산시,대,urban_rural,2200,33.0,248.0,422.0,631.0,2.5444,912,386,75,12,9,61,17.0,True,[],better,B_ok
52,전북특별자치도,52130,군산시,전,urban_rural,2185,60.0,387.0,783.0,1223.6,3.1618,1305,881,355,22,4,34,30.0,True,[],better,B_ok
52,전북특별자치도,52140,익산시,답,urban_rural,7731,245.0,1764.0,3543.5,4160.0,2.3583,6805,6261,5124,2440,438,44,46.5,False,['p90_p50<3.0'],better,B_ok
52,전북특별자치도,52140,익산시,대,urban_rural,2027,22.0,207.0,380.0,619.4,2.9923,739,316,63,10,3,50,23.0,True,[],better,B_ok
52,전북특별자치도,52140,익산시,전,urban_rural,4064,75.3,510.5,1068.0,1775.0,3.477,2643,2066,1124,143,53,44,33.0,True,[],better,B_ok
52,전북특별자치도,52180,정읍시,답,urban_rural,7003,225.0,1980.0,3351.45,4020.0,2.0303,6153,5831,5027,2147,294,41,53.0,False,['p90_p50<3.0'],better,B_ok
52,전북특별자치도,52180,정읍시,대,urban_rural,2148,42.7,264.0,420.0,631.0,2.3902,939,383,69,7,3,41,28.0,False,['p90_p50<2.5'],better,B_ok
52,전북특별자치도,52180,정읍시,전,urban_rural,4260,115.9,683.0,1299.75,2172.13,3.1803,3170,2560,1504,222,83,41,31.0,True,[],better,B_ok
52,전북특별자치도,52190,남원시,답,urban_rural,6089,248.0,1478.0,2349.0,3094.0,2.0934,5398,5038,4069,746,67,36,47.0,False,['p90_p50<3.0'],better,B_ok
52,전북특별자치도,52190,남원시,대,urban_rural,1225,23.0,218.0,374.0,532.0,2.4404,449,156,13,1,0,39,19.0,False,['p90_p50<2.5'],better,B_ok
52,전북특별자치도,52190,남원시,전,urban_rural,3139,112.0,563.0,1058.0,1719.0,3.0533,2207,1725,852,127,64,36,20.5,True,[],better,B_ok
52,전북특별자치도,52210,김제시,답,urban_rural,7485,288.0,2458.0,3864.3,4038.2,1.6429,6713,6362,5620,3143,205,45,53.0,False,['p90_p50<3.0'],better,B_ok
52,전북특별자치도,52210,김제시,대,urban_rural,2112,47.9,267.0,425.475,654.7,2.4521,922,392,52,6,1,45,20.0,False,['p90_p50<2.5'],better,B_ok
52,전북특별자치도,52210,김제시,전,urban_rural,3985,93.0,539.5,1018.0,1749.0,3.2419,2701,2096,1018,152,63,45,32.0,True,[],better,B_ok
52,전북특별자치도,52710,완주군,답,gun,4356,126.0,1038.0,1968.0,3004.8,2.8948,3523,3138,2267,448,54,13,334.0,False,['p90_p50<3.0'],better,B_ok
52,전북특별자치도,52710,완주군,대,gun,1566,36.0,267.6,431.925,679.5,2.5392,679,285,71,14,11,13,122.0,True,[],better,B_ok
52,전북특별자치도,52710,완주군,전,gun,3553,86.0,536.0,1053.0,1910.2,3.5638,2429,1859,960,135,34,13,231.0,True,[],better,B_ok
52,전북특별자치도,52720,진안군,답,gun,2226,169.0,1210.0,2081.75,3134.15,2.5902,1876,1714,1288,267,35,11,175.0,False,['p90_p50<3.0'],better,B_ok
52,전북특별자치도,52720,진안군,대,gun,682,38.1,284.0,406.75,595.0,2.0951,317,119,18,3,1,11,47.0,True,[],better,B_ok
52,전북특별자치도,52720,진안군,전,gun,2030,135.6,696.5,1281.5,2194.5,3.1508,1544,1243,698,107,44,11,155.0,True,[],better,B_ok
52,전북특별자치도,52730,무주군,답,gun,2208,154.0,1041.0,1762.8,2643.69,2.5396,1833,1660,1144,120,15,6,317.0,False,['p90_p50<3.0'],better,B_ok
52,전북특별자치도,52730,무주군,대,gun,587,36.0,248.0,421.0,648.0,2.6129,232,108,15,0,0,6,94.5,True,[],better,B_ok
52,전북특별자치도,52730,무주군,전,gun,2266,135.0,754.0,1431.75,2312.5,3.067,1765,1438,892,121,46,6,394.0,True,[],better,B_ok
52,전북특별자치도,52740,장수군,답,gun,2161,271.0,1408.0,2204.0,3002.0,2.1321,1927,1772,1404,220,16,7,271.0,False,['p90_p50<3.0'],better,B_ok
52,전북특별자치도,52740,장수군,대,gun,477,24.6,238.0,367.0,530.0,2.2269,183,58,6,1,0,7,62.0,True,[],better,B_ok
52,전북특별자치도,52740,장수군,전,gun,1409,131.8,598.0,1142.0,2010.4,3.3619,1049,831,418,80,40,7,183.0,True,[],better,B_ok
52,전북특별자치도,52750,임실군,답,gun,2780,203.0,1285.5,2068.25,2959.1,2.3019,2392,2211,1731,252,15,12,219.5,False,['p90_p50<3.0'],better,B_ok
52,전북특별자치도,52750,임실군,대,gun,933,36.2,278.0,433.0,616.8,2.2187,428,167,25,2,0,12,62.0,True,[],better,B_ok
52,전북특별자치도,52750,임실군,전,gun,2382,112.0,624.5,1235.25,2125.0,3.4027,1707,1350,788,139,47,12,206.5,True,[],better,B_ok
52,전북특별자치도,52770,순창군,답,gun,2749,382.2,1679.0,2616.0,3085.2,1.8375,2533,2422,2020,373,30,11,221.0,False,['p90_p50<3.0'],better,B_ok
52,전북특별자치도,52770,순창군,대,gun,619,46.96,276.0,446.0,629.4,2.2804,279,119,19,4,4,11,52.0,True,[],better,B_ok
52,전북특별자치도,52770,순창군,전,gun,1908,172.7,733.0,1366.0,2269.0,3.0955,1478,1194,706,103,34,11,176.0,True,[],better,B_ok
52,전북특별자치도,52790,고창군,답,gun,5737,386.6,2017.0,3134.0,4080.54,2.0231,5254,5031,4379,1613,286,14,375.5,False,['p90_p50<3.0'],better,B_ok
52,전북특별자치도,52790,고창군,대,gun,1610,50.0,284.0,456.0,671.3,2.3637,771,334,53,5,2,14,118.0,True,[],better,B_ok
52,전북특별자치도,52790,고창군,전,gun,4525,136.0,853.0,1478.0,2514.8,2.9482,3585,3087,1945,345,181,14,306.0,False,['p90_p50<3.0'],better,B_ok
52,전북특별자치도,52800,부안군,답,gun,3924,330.0,2977.45,4000.0,5000.75,1.6795,3556,3380,3026,1936,395,13,268.0,False,['p90_p50<3.0'],better,B_ok
52,전북특별자치도,52800,부안군,대,gun,1297,47.6,261.0,423.0,628.0,2.4061,565,226,30,3,1,13,82.0,True,[],better,B_ok
52,전북특별자치도,52800,부안군,전,gun,3179,120.0,621.0,1144.5,1907.2,3.0712,2377,1812,934,144,54,13,216.0,True,[],better,B_ok
