sido_name,sigungu_name,sigungu_code,land_category,region_type,direction_large,delta_median_large,direction_tiny,n,p90_p50,population,urban_share,median_unit_price,direction_within,delta_median_within,ci_lo_within,ci_hi_within,within_vs_cell,n_dongs_both,within_reason
서울특별시,종로구,11110,대,metro_gu,lower,-0.6426,skip,757,9.0361,137048,1.0,1136.4,lower,-0.4648,-0.6177,-0.1294,same,16,
서울특별시,용산구,11170,대,metro_gu,higher,0.3632,skip,747,11.2448,201894,1.0,1836.8,higher,0.2502,0.0615,0.552,same,12,
서울특별시,성동구,11200,대,metro_gu,neutral,0.1469,skip,234,7.6842,274606,1.0,1402.4,neutral,-0.0541,-0.4096,0.348,same,5,
서울특별시,성북구,11290,대,metro_gu,neutral,0.4762,neutral,547,5.0409,422559,1.0,650.0,neutral,0.4593,-0.0608,0.8572,same,12,
서울특별시,마포구,11440,대,metro_gu,higher,0.6484,neutral,290,6.1019,357616,1.0,1467.1,higher,0.5306,0.3215,1.4366,same,11,
서울특별시,관악구,11620,대,metro_gu,neutral,0.1192,lower,241,2.9398,477605,1.0,807.0,neutral,0.1192,-0.0534,1.1252,same,3,
서울특별시,서초구,11650,대,metro_gu,neutral,0.9758,neutral,258,4.0986,414428,1.0,2153.1,neutral,0.9076,-0.2483,1.4722,same,7,
서울특별시,강남구,11680,대,metro_gu,neutral,-0.1545,neutral,269,2.7883,556330,1.0,3384.6,neutral,-0.1694,-0.3028,0.9597,same,8,
전남광주통합특별시,목포시,12110,대,prov_city,higher,0.796,neutral,868,5.0128,,1.0,39.4,higher,0.6907,0.1764,1.2846,same,17,
전남광주통합특별시,목포시,12110,전,prov_city,lower,-0.4286,higher,494,5.0862,,1.0,16.6,lower,-0.4079,-0.5853,-0.0411,same,9,
전남광주통합특별시,여수시,12130,대,urban_rural,higher,0.3392,higher,1329,3.0949,,0.9985,38.5,neutral,-0.0558,-0.3372,0.91,to_neutral,43,
전남광주통합특별시,순천시,12150,대,urban_rural,higher,1.0612,higher,1505,2.6637,,0.9927,18.7,neutral,-0.0032,-0.4095,0.57,to_neutral,60,
전남광주통합특별시,나주시,12170,전,urban_rural,higher,0.3,neutral,3343,3.0415,,0.8594,3.2,higher,0.2833,0.1667,0.4483,same,105,
전남광주통합특별시,동구,12210,대,metro_gu,neutral,-0.0382,neutral,422,4.3831,,1.0,186.9,neutral,0.429,-0.0764,0.8241,same,17,
전남광주통합특별시,서구,12240,대,metro_gu,neutral,-0.0571,lower,425,3.1431,,1.0,152.9,neutral,-0.0516,-0.3537,0.2221,same,14,
전남광주통합특별시,남구,12270,대,metro_gu,neutral,0.0089,neutral,449,3.7057,,1.0,137.0,neutral,-0.1388,-0.3987,0.0802,same,12,
전남광주통합특별시,북구,12300,대,metro_gu,higher,0.3986,higher,599,3.1395,,1.0,139.9,higher,0.3208,0.0358,0.5902,same,19,
전남광주통합특별시,광산구,12330,대,metro_gu,neutral,0.1378,neutral,977,2.6291,,1.0,138.5,neutral,0.0528,-0.3042,0.2289,same,34,
전남광주통합특별시,담양군,12710,대,gun,neutral,0.1498,neutral,1026,2.366,,0.9951,22.9,neutral,-0.1053,-0.2868,0.4538,same,48,
전남광주통합특별시,곡성군,12720,대,gun,lower,-0.2673,higher,712,2.2325,,0.9902,5.0,neutral,-0.1809,-0.4395,0.0466,to_neutral,37,
전남광주통합특별시,구례군,12730,대,gun,neutral,-0.033,neutral,520,3.0744,,0.9942,9.4,neutral,-0.0391,-0.2935,0.1902,same,26,
전남광주통합특별시,구례군,12730,전,gun,neutral,0.0492,neutral,1016,3.0081,,0.7963,3.0,neutral,0.0,-0.155,0.2667,same,45,
전남광주통합특별시,고흥군,12740,대,gun,lower,-0.1875,neutral,1767,2.473,,0.9887,3.3,lower,-0.2571,-0.3973,-0.1044,same,75,
전남광주통합특별시,보성군,12750,대,gun,lower,-0.2667,higher,1222,2.5693,,0.9845,3.0,lower,-0.2667,-0.3667,-0.155,same,60,
전남광주통합특별시,화순군,12760,대,gun,neutral,-0.225,neutral,1102,2.3906,,0.9782,7.95,neutral,-0.2486,-0.4725,0.1605,same,50,
전남광주통합특별시,장흥군,12770,대,gun,neutral,-0.0333,higher,1036,2.5849,,0.9817,3.35,neutral,-0.05,-0.2834,0.1333,same,53,
전남광주통합특별시,강진군,12780,대,gun,neutral,0.0,higher,790,2.6762,,0.9633,3.0,neutral,0.0196,-0.3003,0.45,same,44,
전남광주통합특별시,해남군,12790,대,gun,neutral,0.037,higher,1939,2.398,,0.9572,3.0,neutral,0.0385,-0.1609,0.2,same,87,
전남광주통합특별시,영암군,12800,대,gun,neutral,-0.163,neutral,1274,2.6434,,0.9898,4.4,lower,-0.6875,-0.8396,-0.4863,opposite,52,
전남광주통합특별시,무안군,12810,대,gun,lower,-0.1569,neutral,1350,2.2378,,0.9778,5.1,lower,-0.2833,-0.4426,-0.1393,same,65,
전남광주통합특별시,함평군,12820,대,gun,neutral,-0.1316,higher,1201,2.3505,,0.9792,3.9,neutral,-0.1081,-0.2405,0.1077,same,60,
전남광주통합특별시,영광군,12830,대,gun,higher,0.3214,higher,1444,2.2962,,0.9737,3.0,higher,0.3077,0.0714,1.0769,same,63,
전남광주통합특별시,장성군,12840,대,gun,neutral,-0.2326,higher,974,2.5996,,0.9836,13.05,neutral,-0.2546,-0.3916,0.0568,same,55,
전남광주통합특별시,장성군,12840,전,gun,neutral,-0.0918,higher,2113,3.0915,,0.8978,5.1,neutral,-0.0918,-0.28,0.031,same,77,
전남광주통합특별시,완도군,12850,답,gun,neutral,0.0,higher,1885,3.0329,,0.6881,1.2,neutral,0.0,-0.0833,0.2273,same,33,
전남광주통합특별시,완도군,12850,대,gun,neutral,-0.25,neutral,1063,2.4865,,0.9925,3.7,lower,-0.3571,-0.5107,-0.0789,opposite,52,
전남광주통합특별시,진도군,12860,대,gun,neutral,-0.0667,neutral,706,2.2587,,0.9873,2.9,neutral,-0.1,-0.3492,0.3929,same,39,
전남광주통합특별시,신안군,12870,대,gun,neutral,-0.069,higher,1071,2.0249,,0.9804,3.0,neutral,-0.2113,-0.4211,0.0834,same,57,
부산광역시,부산진구,26230,대,metro_gu,higher,0.2226,lower,1120,5.0345,365378,1.0,412.0,higher,0.2226,0.0052,0.8088,same,11,
부산광역시,동래구,26260,대,metro_gu,higher,0.442,higher,278,3.7962,273277,1.0,444.85,higher,0.4461,0.2675,0.9818,same,5,
부산광역시,해운대구,26350,대,metro_gu,neutral,0.0741,neutral,380,4.8511,372604,1.0,743.6,neutral,-0.0073,-0.4348,0.6673,same,7,
부산광역시,금정구,26410,대,metro_gu,neutral,-0.2444,neutral,231,3.012,206588,1.0,248.8,neutral,-0.2444,-0.5166,0.3409,same,10,
부산광역시,강서구,26440,대,metro_gu,higher,0.2918,neutral,497,3.9859,150299,1.0,144.3,higher,0.2533,0.044,0.9956,same,11,
부산광역시,연제구,26470,대,metro_gu,neutral,0.6714,neutral,229,2.8892,211727,1.0,483.3,neutral,0.6714,-0.0719,1.0548,same,2,
부산광역시,사상구,26530,대,metro_gu,neutral,0.1412,neutral,254,5.2396,194124,1.0,263.95,neutral,0.145,-0.035,0.3836,same,7,
부산광역시,기장군,26710,답,gun,lower,-0.3257,higher,1149,3.5007,174897,1.0,33.3,lower,-0.3426,-0.3806,-0.2064,same,39,
부산광역시,기장군,26710,대,gun,neutral,-0.0548,neutral,474,3.0916,174897,1.0,143.8,neutral,-0.2247,-0.5045,0.0972,same,23,
부산광역시,기장군,26710,전,gun,neutral,-0.2199,neutral,600,4.0541,174897,1.0,49.25,neutral,-0.199,-0.4387,0.031,same,34,
대구광역시,동구,27140,대,metro_gu,neutral,-0.3181,lower,555,2.5665,339281,0.9982,186.7,lower,-0.5242,-0.7255,-0.1764,opposite,22,
대구광역시,북구,27230,대,metro_gu,neutral,-0.2047,neutral,487,4.7912,409854,1.0,167.1,neutral,-0.1318,-0.2678,0.1989,same,18,
대구광역시,수성구,27260,대,metro_gu,neutral,-0.1402,lower,395,3.4013,409222,1.0,454.5,neutral,-0.2353,-0.4726,1.0038,same,11,
대구광역시,달성군,27710,대,gun,neutral,0.0825,neutral,527,2.6348,254656,1.0,84.7,neutral,0.0816,-0.2323,0.3288,same,28,
대구광역시,군위군,27720,대,gun,higher,0.819,higher,304,2.3717,22452,0.9671,11.65,neutral,0.1,-0.3634,0.8035,to_neutral,14,
대구광역시,군위군,27720,전,gun,neutral,-0.1042,neutral,1151,3.0405,22452,0.8019,4.8,neutral,-0.0227,-0.1668,0.1163,same,55,
인천광역시,제물포구,28125,대,metro_gu,higher,1.0717,lower,429,5.6716,,1.0,177.8,higher,1.1276,0.9111,1.3505,same,12,
인천광역시,영종구,28155,대,metro_gu,higher,0.8669,lower,790,2.3536,,1.0,124.0,higher,0.8669,0.4278,2.0251,same,6,
인천광역시,미추홀구,28177,대,metro_gu,higher,0.504,neutral,651,4.4681,417578,1.0,210.5,higher,0.504,0.3378,0.8625,same,6,
인천광역시,연수구,28185,대,metro_gu,lower,-0.3812,neutral,258,3.7587,409437,1.0,321.45,lower,-0.4354,-0.6627,-0.0839,same,3,
인천광역시,남동구,28200,대,metro_gu,higher,0.681,neutral,250,2.9608,480147,1.0,281.9,higher,0.5659,0.116,1.3501,same,8,
인천광역시,서해구,28275,대,metro_gu,neutral,-0.0022,neutral,265,6.2522,,1.0,238.5,neutral,0.0377,-0.357,0.8112,same,5,
인천광역시,검단구,28290,대,metro_gu,higher,0.3545,neutral,643,4.1228,,0.9953,176.0,higher,0.3939,0.1648,1.4376,same,7,
인천광역시,강화군,28710,답,gun,lower,-0.44,higher,4689,3.2116,69697,0.4517,7.8,lower,-0.3636,-0.4,-0.3231,same,69,
인천광역시,강화군,28710,대,gun,neutral,-0.0369,higher,1328,2.2981,69697,0.9729,22.7,neutral,-0.0586,-0.1483,0.066,same,64,
인천광역시,강화군,28710,전,gun,lower,-0.4039,neutral,4440,3.3778,69697,0.9137,18.8,lower,-0.4098,-0.4384,-0.3629,same,82,
인천광역시,옹진군,28720,답,gun,lower,-0.8967,neutral,718,4.2744,19632,0.812,9.8,lower,-0.9185,-0.9231,-0.8607,same,12,
인천광역시,옹진군,28720,대,gun,neutral,0.0063,neutral,294,3.1369,19632,1.0,15.5,neutral,-0.0958,-0.3785,0.619,same,13,
인천광역시,옹진군,28720,전,gun,lower,-0.8636,neutral,936,3.8702,19632,0.9829,10.6,lower,-0.8787,-0.9103,-0.7835,same,21,
대전광역시,동구,30110,대,metro_gu,lower,-0.161,lower,564,2.7977,218664,1.0,142.95,neutral,-0.1211,-0.3613,0.0707,to_neutral,18,
대전광역시,중구,30140,대,metro_gu,neutral,0.0393,lower,829,3.5553,225645,1.0,163.4,neutral,0.4819,-0.0119,0.9903,same,16,
대전광역시,서구,30170,대,metro_gu,neutral,0.2207,lower,422,2.736,463351,0.9953,187.05,neutral,0.1682,-0.1885,0.8882,same,13,
대전광역시,유성구,30200,대,metro_gu,higher,0.8196,lower,569,3.0709,367534,1.0,225.5,higher,1.181,0.6181,1.5011,same,16,
대전광역시,대덕구,30230,대,metro_gu,neutral,0.0547,neutral,304,2.9634,165535,1.0,106.35,neutral,0.0505,-0.3153,0.6496,same,12,
울산광역시,중구,31110,대,metro_gu,neutral,0.1664,neutral,303,2.9787,204169,1.0,233.2,neutral,0.0559,-0.2281,0.4935,same,13,
울산광역시,남구,31140,대,metro_gu,lower,-0.6287,lower,347,2.9997,304128,1.0,400.0,lower,-0.5468,-0.668,-0.2539,same,7,
울산광역시,울주군,31710,답,gun,lower,-0.4051,higher,3465,3.1663,219166,0.9616,15.2,lower,-0.3649,-0.4437,-0.244,same,83,
울산광역시,울주군,31710,대,gun,lower,-0.1893,lower,1086,2.7724,219166,0.9991,59.4,lower,-0.2621,-0.4368,-0.1344,same,37,
울산광역시,울주군,31710,전,gun,lower,-0.3968,higher,1512,3.6683,219166,0.9888,21.8,lower,-0.4481,-0.5717,-0.2469,same,59,
세종특별자치시,전의면,36110,답,urban_rural,lower,-0.2783,higher,1544,1.6185,391965,0.7448,21.0,lower,-0.1911,-0.3609,-0.0412,same,57,
세종특별자치시,장군면,36110,답,urban_rural,lower,-0.2783,higher,1544,1.6185,391965,0.7448,21.0,lower,-0.1911,-0.3609,-0.0412,same,57,
세종특별자치시,부강면,36110,답,urban_rural,lower,-0.2783,higher,1544,1.6185,391965,0.7448,21.0,lower,-0.1911,-0.3609,-0.0412,same,57,
세종특별자치시,금남면,36110,대,urban_rural,lower,-0.2665,lower,1075,1.3659,391965,0.9814,73.0,lower,-0.2718,-0.4157,-0.1664,same,37,
세종특별자치시,전동면,36110,전,urban_rural,neutral,-0.1217,higher,1600,2.8718,391965,0.9413,23.65,neutral,0.0103,-0.23,0.2605,same,65,
세종특별자치시,장군면,36110,전,urban_rural,neutral,-0.1217,higher,1600,2.8718,391965,0.9413,23.65,neutral,0.0103,-0.23,0.2605,same,65,
세종특별자치시,연서면,36110,전,urban_rural,neutral,-0.1217,higher,1600,2.8718,391965,0.9413,23.65,neutral,0.0103,-0.23,0.2605,same,65,
경기도,수원시 권선구,41113,답,cap_city,lower,-0.3595,higher,236,3.4899,361064,1.0,88.4,neutral,-0.2314,-0.4654,0.098,to_neutral,10,
경기도,수원시 권선구,41113,대,cap_city,neutral,0.0593,neutral,576,2.8162,361064,1.0,353.7,neutral,0.0941,-0.1491,0.3627,same,10,
경기도,수원시 권선구,41113,전,cap_city,neutral,-0.1129,neutral,263,5.2127,361064,1.0,94.6,neutral,0.1513,-0.2441,0.7476,same,9,
경기도,수원시 영통구,41117,대,cap_city,lower,-0.9995,skip,230,17.5562,362493,1.0,1016.0,lower,-0.9995,-0.9996,-0.707,same,4,
경기도,성남시 수정구,41131,대,cap_city,neutral,-0.3951,lower,226,15.7863,232389,1.0,664.7,neutral,0.0588,-0.3484,0.811,same,5,
경기도,의정부시,41150,대,cap_city,higher,0.2526,neutral,458,3.827,461572,1.0,214.0,higher,0.2271,0.0695,0.5732,same,8,
경기도,의정부시,41150,전,cap_city,neutral,-0.3993,neutral,256,4.1909,461572,1.0,60.7,neutral,-0.3993,-0.754,0.1263,same,10,
경기도,광명시,41210,대,cap_city,higher,0.1099,higher,390,3.4671,293947,1.0,448.65,neutral,0.043,-0.0641,0.1219,to_neutral,3,
경기도,평택시,41220,답,cap_city,lower,-0.477,higher,4600,3.2168,610402,0.4737,17.3,lower,-0.381,-0.3974,-0.3051,same,79,
경기도,평택시,41220,대,cap_city,lower,-0.4868,lower,2430,2.7373,610402,0.9918,128.55,lower,-0.383,-0.5,-0.2471,same,68,
경기도,평택시,41220,전,cap_city,lower,-0.1418,neutral,3095,4.4185,610402,0.9305,42.1,lower,-0.097,-0.2764,-0.0077,same,81,
경기도,동두천시,41250,답,cap_city,lower,-0.3418,neutral,200,5.1903,86438,0.98,23.9,neutral,-0.0316,-0.3289,0.4431,to_neutral,5,
경기도,동두천시,41250,대,cap_city,lower,-0.4105,neutral,480,5.0211,86438,1.0,62.0,lower,-0.4072,-0.5894,-0.0389,same,9,
경기도,동두천시,41250,전,cap_city,lower,-0.3201,higher,549,4.5212,86438,1.0,22.7,lower,-0.3,-0.3783,-0.0524,same,10,
경기도,안산시 단원구,41273,답,cap_city,lower,-0.3278,neutral,938,3.6966,289769,1.0,21.6,lower,-0.3112,-0.3984,-0.186,same,6,
경기도,안산시 단원구,41273,전,cap_city,lower,-0.1805,neutral,842,3.2624,289769,1.0,27.2,lower,-0.1849,-0.2882,-0.0679,same,10,
경기도,고양시 덕양구,41281,답,cap_city,lower,-0.3217,higher,648,3.7656,485546,0.9691,37.2,lower,-0.2981,-0.3917,-0.168,same,21,
경기도,고양시 덕양구,41281,대,cap_city,higher,0.5466,neutral,396,3.9367,485546,0.9975,211.5,higher,0.7024,0.1621,1.7476,same,14,
경기도,고양시 덕양구,41281,전,cap_city,lower,-0.3181,higher,1094,3.7293,485546,0.9872,50.0,lower,-0.289,-0.4213,-0.0849,same,24,
경기도,고양시 일산동구,41285,답,cap_city,neutral,-0.3363,neutral,307,3.3907,296758,0.7818,45.1,neutral,-0.3348,-0.4417,0.3377,same,9,
경기도,고양시 일산동구,41285,대,cap_city,neutral,-0.0214,lower,228,3.4467,296758,0.9956,135.85,neutral,-0.0762,-0.4051,0.7514,same,7,
경기도,고양시 일산동구,41285,전,cap_city,neutral,-0.1811,neutral,507,5.1954,296758,0.9132,51.9,neutral,-0.1775,-0.2995,0.5884,same,9,
경기도,고양시 일산서구,41287,전,cap_city,lower,-0.5919,neutral,219,3.6311,277777,0.5114,47.5,lower,-0.5729,-0.6412,-0.4688,same,5,
경기도,구리시,41310,대,cap_city,higher,0.3251,neutral,199,3.7837,186090,1.0,389.0,higher,0.3251,0.2398,0.4642,same,4,
경기도,남양주시,41360,답,cap_city,lower,-0.3567,higher,1646,4.5364,729754,0.9806,54.5,lower,-0.3567,-0.4616,-0.0846,same,45,
경기도,남양주시,41360,대,cap_city,neutral,-0.206,neutral,1124,3.6464,729754,0.9982,117.5,neutral,-0.1808,-0.3249,0.0562,same,35,
경기도,남양주시,41360,전,cap_city,lower,-0.167,higher,2510,4.3884,729754,0.9968,47.6,lower,-0.1578,-0.2857,-0.0575,same,52,
경기도,오산시,41370,답,cap_city,neutral,-0.131,higher,590,3.3543,249410,1.0,78.15,neutral,-0.1456,-0.2537,0.2994,same,12,
경기도,오산시,41370,대,cap_city,neutral,-0.0258,lower,421,3.6647,249410,1.0,182.0,neutral,-0.0347,-0.2531,0.1596,same,16,
경기도,오산시,41370,전,cap_city,neutral,-0.0958,neutral,505,3.6676,249410,1.0,87.0,neutral,-0.0871,-0.3116,0.1477,same,12,
경기도,시흥시,41390,대,cap_city,higher,0.3012,neutral,478,3.5402,515032,1.0,227.15,higher,0.3374,0.1344,0.6324,same,12,
경기도,의왕시,41430,전,cap_city,neutral,-0.0207,skip,222,4.0921,160370,1.0,90.0,neutral,-0.0526,-0.3441,0.3027,same,9,
경기도,하남시,41450,답,cap_city,lower,-0.2063,neutral,254,4.2258,327939,1.0,96.75,neutral,-0.162,-0.4554,0.0442,to_neutral,9,
경기도,하남시,41450,대,cap_city,higher,1.6121,lower,221,6.4206,327939,1.0,416.7,higher,1.0925,0.5721,2.0695,same,5,
경기도,하남시,41450,전,cap_city,lower,-0.4098,higher,397,3.3817,327939,1.0,101.1,lower,-0.3829,-0.5939,-0.2467,same,11,
경기도,용인시 처인구,41461,답,cap_city,lower,-0.51,higher,3552,3.647,260589,0.7925,34.6,lower,-0.51,-0.5584,-0.4565,same,67,
경기도,용인시 처인구,41461,대,cap_city,neutral,0.1113,higher,1472,2.9927,260589,0.9973,75.1,neutral,0.0985,-0.1524,0.2468,same,57,
경기도,용인시 처인구,41461,전,cap_city,lower,-0.2612,higher,3325,4.0232,260589,0.9777,42.5,lower,-0.2559,-0.3341,-0.0858,same,76,
경기도,용인시 기흥구,41463,답,cap_city,neutral,-0.0883,neutral,239,6.7323,435048,1.0,104.7,neutral,-0.1294,-0.3591,0.0937,same,10,
경기도,용인시 기흥구,41463,대,cap_city,neutral,0.1367,neutral,406,3.6466,435048,1.0,200.8,neutral,0.1536,-0.159,0.5648,same,14,
경기도,용인시 기흥구,41463,전,cap_city,lower,-0.3979,neutral,242,5.4551,435048,1.0,115.8,lower,-0.3723,-0.534,-0.021,same,8,
경기도,용인시 수지구,41465,대,cap_city,neutral,0.1254,neutral,303,2.5648,374094,1.0,176.9,neutral,-0.0232,-0.248,0.3992,same,5,
경기도,파주시,41480,답,cap_city,lower,-0.2253,higher,5376,3.306,526004,0.6181,12.5,lower,-0.1818,-0.224,-0.124,same,94,
경기도,파주시,41480,대,cap_city,lower,-0.136,neutral,1997,3.3772,526004,0.987,50.9,lower,-0.2462,-0.3876,-0.1329,same,79,
경기도,파주시,41480,전,cap_city,lower,-0.6887,higher,4241,4.6667,526004,0.8901,19.6,lower,-0.6508,-0.6888,-0.5882,same,94,
경기도,이천시,41500,전,cap_city,lower,-0.3267,higher,4829,4.0271,222964,0.8813,15.1,lower,-0.2734,-0.3669,-0.1429,same,102,
경기도,안성시,41550,답,cap_city,lower,-0.3088,higher,5261,3.0779,196592,0.6719,13.4,lower,-0.2769,-0.3309,-0.2276,same,127,
경기도,안성시,41550,대,cap_city,neutral,0.0618,higher,1613,2.7503,196592,0.9888,33.7,neutral,-0.0115,-0.157,0.1299,same,73,
경기도,안성시,41550,전,cap_city,neutral,-0.006,higher,4016,3.4251,196592,0.8947,17.4,neutral,0.0215,-0.0892,0.1329,same,121,
경기도,김포시,41570,답,cap_city,lower,-0.4426,higher,2669,3.5846,484792,0.6298,24.4,lower,-0.438,-0.5331,-0.3785,same,52,
경기도,김포시,41570,대,cap_city,neutral,-0.08,lower,1377,3.1577,484792,0.9891,75.7,neutral,-0.1331,-0.3633,0.0187,same,47,
경기도,김포시,41570,전,cap_city,lower,-0.2372,higher,2677,4.1418,484792,0.9522,37.7,lower,-0.2291,-0.3321,-0.1475,same,56,
경기도,화성시,41590,답,cap_city,lower,-0.3067,neutral,361,3.2101,638208,0.8975,62.6,lower,-0.3041,-0.4099,-0.0846,same,10,
경기도,화성시,41590,대,cap_city,higher,0.4413,lower,550,3.1206,638208,0.9964,193.3,higher,0.4455,0.0671,1.1094,same,16,
경기도,화성시,41590,전,cap_city,lower,-0.1863,neutral,403,4.9554,638208,0.9529,66.0,neutral,-0.1799,-0.3048,0.0181,to_neutral,9,
경기도,화성시 만세구,41591,답,cap_city,lower,-0.5319,higher,7471,3.5609,,0.6581,18.1,lower,-0.5165,-0.5385,-0.5028,same,97,
경기도,화성시 만세구,41591,대,cap_city,lower,-0.1222,neutral,1934,2.8058,,0.9891,45.0,lower,-0.1184,-0.2479,-0.0033,same,73,
경기도,화성시 만세구,41591,전,cap_city,lower,-0.1852,higher,6754,3.7374,,0.9461,26.6,lower,-0.1506,-0.2096,-0.1051,same,104,
경기도,화성시 효행구,41593,답,cap_city,lower,-0.321,higher,1661,3.1677,,0.8405,24.2,lower,-0.3182,-0.3843,-0.2406,same,37,
경기도,화성시 효행구,41593,대,cap_city,neutral,-0.2069,neutral,560,2.8609,,1.0,84.4,neutral,0.1628,-0.4234,0.5975,same,19,
경기도,화성시 효행구,41593,전,cap_city,lower,-0.2813,higher,1648,3.4182,,0.9769,33.0,lower,-0.261,-0.3511,-0.1392,same,38,
경기도,광주시,41610,답,cap_city,lower,-0.3694,neutral,2157,4.4244,397346,0.9272,34.7,lower,-0.3183,-0.4176,-0.1471,same,58,
경기도,광주시,41610,대,cap_city,neutral,-0.1099,neutral,1256,3.3026,397346,0.9952,86.3,neutral,-0.1176,-0.2865,0.1289,same,48,
경기도,광주시,41610,전,cap_city,lower,-0.2669,higher,2827,4.611,397346,0.9717,37.5,lower,-0.2556,-0.3721,-0.0929,same,70,
경기도,양주시,41630,답,cap_city,lower,-0.3143,higher,1689,3.0159,296224,0.7389,21.1,lower,-0.2653,-0.381,-0.1579,same,42,
경기도,양주시,41630,대,cap_city,lower,-0.425,lower,1032,3.1134,296224,0.9942,65.3,lower,-0.4719,-0.5599,-0.3232,same,37,
경기도,양주시,41630,전,cap_city,lower,-0.296,neutral,2272,5.0009,296224,0.9331,28.6,lower,-0.264,-0.3813,-0.1263,same,46,
경기도,포천시,41650,답,cap_city,lower,-0.4609,higher,3698,3.2577,140452,0.5976,10.5,lower,-0.4038,-0.434,-0.3402,same,65,
경기도,포천시,41650,대,cap_city,higher,0.3306,higher,1455,3.4628,140452,0.9828,28.5,higher,0.2708,0.0124,0.5187,same,56,
경기도,포천시,41650,전,cap_city,lower,-0.4297,higher,5040,4.5685,140452,0.8734,12.1,lower,-0.3967,-0.4298,-0.3644,same,76,
경기도,여주시,41670,전,cap_city,lower,-0.2818,higher,4752,3.3949,114002,0.8885,10.9,lower,-0.2547,-0.3119,-0.1748,same,116,
경기도,연천군,41800,대,gun,lower,-0.3876,higher,687,3.6995,42340,0.9927,17.6,lower,-0.3979,-0.4918,-0.2817,same,31,
경기도,연천군,41800,전,gun,lower,-0.5385,higher,2176,5.1362,42340,0.9462,6.7,lower,-0.5256,-0.5814,-0.44,same,67,
경기도,가평군,41820,답,gun,lower,-0.3289,neutral,2089,4.0585,62125,0.8798,14.4,lower,-0.3462,-0.4248,-0.2566,same,49,
경기도,가평군,41820,대,gun,neutral,-0.0954,neutral,1266,2.9431,62125,0.9976,26.45,neutral,-0.0989,-0.2383,0.0762,same,46,
경기도,가평군,41820,전,gun,lower,-0.4548,neutral,3195,4.0258,62125,0.975,15.1,lower,-0.4548,-0.4971,-0.3976,same,59,
경기도,양평군,41830,답,gun,lower,-0.5473,higher,4836,3.9041,126933,0.6826,12.9,lower,-0.5109,-0.5493,-0.4851,same,91,
경기도,양평군,41830,대,gun,neutral,-0.0146,neutral,2204,2.3607,126933,0.9819,30.4,neutral,-0.092,-0.203,0.0557,same,78,
경기도,양평군,41830,전,gun,lower,-0.4667,higher,4930,3.3784,126933,0.9014,15.1,lower,-0.4465,-0.4943,-0.4166,same,100,
충청북도,청주시 상당구,43111,전,urban_rural,lower,-0.3607,higher,1726,3.2155,194551,0.9322,6.0,lower,-0.3036,-0.4017,-0.1667,same,62,
충청북도,청주시 서원구,43112,대,urban_rural,lower,-0.4663,neutral,508,3.4792,182689,0.998,75.45,lower,-0.521,-0.6361,-0.196,same,19,
충청북도,청주시 서원구,43112,전,urban_rural,neutral,-0.1552,higher,935,3.1299,182689,0.9775,19.7,lower,-0.1782,-0.3827,-0.0055,opposite,35,
충청북도,청주시 흥덕구,43113,대,urban_rural,neutral,-0.3982,lower,1095,2.8114,292051,0.9817,77.2,neutral,-0.4486,-0.5952,0.2256,same,30,
충청북도,청주시 흥덕구,43113,전,urban_rural,lower,-0.1716,higher,1206,3.4913,292051,0.9022,20.1,lower,-0.2128,-0.3235,-0.0737,same,42,
충청북도,청주시 청원구,43114,대,urban_rural,neutral,-0.0685,neutral,789,2.5884,186861,0.9949,35.0,neutral,-0.4296,-0.5852,0.0001,same,27,
충청북도,청주시 청원구,43114,전,urban_rural,lower,-0.3576,higher,2149,3.577,186861,0.9544,14.7,lower,-0.3512,-0.4286,-0.1926,same,66,
충청북도,충주시,43130,대,urban_rural,lower,-0.3105,higher,1540,2.5493,206540,0.9851,15.1,lower,-0.5333,-0.6339,-0.4228,same,75,
충청북도,충주시,43130,전,urban_rural,lower,-0.2453,higher,4256,3.3973,206540,0.9406,5.3,lower,-0.2593,-0.3091,-0.2019,same,115,
충청북도,제천시,43150,전,urban_rural,lower,-0.4634,higher,4140,3.5843,128003,0.9382,3.7,lower,-0.45,-0.4884,-0.3846,same,98,
충청북도,보은군,43720,대,gun,lower,-0.2556,higher,711,2.2077,30529,0.9803,6.4,lower,-0.2,-0.3944,-0.0999,same,37,
충청북도,보은군,43720,전,gun,neutral,0.0,neutral,2056,3.1091,30529,0.8619,2.8,neutral,0.0385,-0.0769,0.16,same,96,
충청북도,옥천군,43730,대,gun,neutral,-0.1412,higher,809,2.2889,49601,0.9963,8.6,neutral,-0.1092,-0.2913,0.285,same,48,
충청북도,옥천군,43730,전,gun,lower,-0.2603,higher,2895,3.1345,49601,0.9358,3.6,lower,-0.2895,-0.3591,-0.189,same,98,
충청북도,영동군,43740,대,gun,lower,-0.2165,higher,880,2.2597,43028,0.9864,5.2,lower,-0.1739,-0.375,-0.0318,same,49,
충청북도,증평군,43745,대,gun,lower,-0.6709,neutral,266,2.7742,36680,0.9925,27.45,lower,-0.4872,-0.6997,-0.1169,same,11,
충청북도,증평군,43745,전,gun,neutral,-0.0357,neutral,586,3.8267,36680,0.8857,5.9,neutral,0.0485,-0.2073,0.2667,same,16,
충청북도,진천군,43750,대,gun,neutral,-0.2277,lower,896,2.2299,86580,0.9688,18.6,neutral,-0.1959,-0.3255,0.0198,same,46,
충청북도,진천군,43750,전,gun,lower,-0.2,higher,2506,3.4319,86580,0.8958,9.1,lower,-0.1915,-0.2632,-0.0869,same,63,
충청북도,괴산군,43760,대,gun,lower,-0.25,neutral,1029,2.4948,38293,0.9845,7.9,lower,-0.2471,-0.3372,-0.0909,same,58,
충청북도,괴산군,43760,전,gun,lower,-0.2195,higher,4496,3.4312,38293,0.883,3.8,lower,-0.2195,-0.2683,-0.1795,same,106,
충청북도,음성군,43770,대,gun,lower,-0.2546,higher,1413,2.4861,73889,0.9795,13.5,lower,-0.1653,-0.3001,-0.0744,same,74,
충청북도,음성군,43770,전,gun,lower,-0.1618,higher,4825,3.3624,73889,0.9132,7.0,lower,-0.1618,-0.2286,-0.0909,same,101,
충청북도,단양군,43800,대,gun,neutral,-0.1935,higher,500,2.4494,26812,0.998,6.5,neutral,-0.1017,-0.3382,0.3935,same,34,
충청북도,단양군,43800,전,gun,lower,-0.1481,higher,2788,3.7244,26812,0.9828,2.7,lower,-0.1154,-0.2222,-0.04,same,66,
충청남도,천안시 동남구,44131,대,urban_rural,lower,-0.3541,higher,1411,3.1374,262470,0.9901,35.9,lower,-0.3416,-0.5013,-0.1629,same,58,
충청남도,천안시 동남구,44131,전,urban_rural,lower,-0.317,higher,3307,3.2573,262470,0.912,11.3,lower,-0.2714,-0.3304,-0.145,same,75,
충청남도,천안시 서북구,44133,대,urban_rural,neutral,0.1404,neutral,1173,3.141,401852,0.9974,36.5,neutral,-0.0098,-0.3295,0.5356,same,51,
충청남도,천안시 서북구,44133,전,urban_rural,lower,-0.2308,neutral,2003,3.8382,401852,0.9126,21.2,lower,-0.1827,-0.3019,-0.0765,same,52,
충청남도,공주시,44150,대,urban_rural,neutral,-0.3261,higher,1525,2.5609,99979,0.9849,13.8,lower,-0.295,-0.4726,-0.0647,opposite,74,
충청남도,공주시,44150,전,urban_rural,lower,-0.3226,higher,3788,3.1807,99979,0.9377,6.2,lower,-0.3226,-0.3871,-0.2258,same,131,
충청남도,보령시,44180,전,urban_rural,lower,-0.2683,higher,2603,3.0714,92117,0.849,4.2,lower,-0.3182,-0.3556,-0.1999,same,79,
충청남도,아산시,44200,대,urban_rural,lower,-0.2137,neutral,2338,2.7821,359378,0.9833,32.0,lower,-0.321,-0.4764,-0.1735,same,85,
충청남도,아산시,44200,전,urban_rural,lower,-0.1987,higher,4901,3.6941,359378,0.9004,15.1,lower,-0.1879,-0.2733,-0.1055,same,127,
충청남도,서산시,44210,답,urban_rural,neutral,0.0,higher,6537,3.0068,172438,0.4155,2.5,neutral,0.0,0.0,0.0,same,61,
충청남도,서산시,44210,대,urban_rural,lower,-0.4404,higher,1339,2.5812,172438,0.9141,10.5,lower,-0.4478,-0.5397,-0.3077,same,56,
충청남도,서산시,44210,전,urban_rural,lower,-0.3607,higher,4578,3.6481,172438,0.8517,6.0,lower,-0.3607,-0.3934,-0.2999,same,116,
충청남도,논산시,44230,대,urban_rural,neutral,-0.0671,higher,1865,2.6089,106777,0.9759,8.9,neutral,-0.0494,-0.2074,0.1299,same,100,
충청남도,논산시,44230,전,urban_rural,lower,-0.1889,higher,3728,3.245,106777,0.8463,4.4,lower,-0.1889,-0.2447,-0.093,same,106,
충청남도,당진시,44270,대,urban_rural,neutral,-0.1608,neutral,1595,2.5707,172564,0.968,14.8,lower,-0.3325,-0.4755,-0.0624,opposite,70,
충청남도,당진시,44270,전,urban_rural,lower,-0.2208,higher,4196,3.6968,172564,0.9507,7.6,lower,-0.2105,-0.2785,-0.1757,same,118,
충청남도,금산군,44710,대,gun,neutral,0.019,neutral,796,2.2031,48898,0.9799,10.7,neutral,-0.0876,-0.2803,0.0517,same,49,
충청남도,부여군,44760,대,gun,lower,-0.2128,higher,1295,2.616,58377,0.9876,4.7,lower,-0.2551,-0.3818,-0.0936,same,74,
충청남도,부여군,44760,전,gun,neutral,-0.16,higher,2482,3.083,58377,0.9069,2.6,lower,-0.2222,-0.25,-0.037,opposite,98,
충청남도,서천군,44770,대,gun,lower,-0.1765,higher,1218,2.4726,47224,0.9688,5.2,neutral,-0.2222,-0.3456,0.02,to_neutral,70,
충청남도,청양군,44790,대,gun,neutral,-0.044,higher,536,2.1921,29986,0.9646,4.8,neutral,-0.3193,-0.507,0.01,same,36,
충청남도,홍성군,44800,대,gun,lower,-0.3552,neutral,1025,2.8258,100556,0.958,8.1,lower,-0.6667,-0.8141,-0.5132,same,55,
충청남도,홍성군,44800,전,gun,lower,-0.1892,higher,3309,3.0802,100556,0.9084,3.6,lower,-0.1667,-0.2432,-0.0588,same,113,
충청남도,예산군,44810,대,gun,neutral,-0.2105,higher,1338,2.8346,78815,0.9529,9.85,neutral,-0.135,-0.3604,0.1304,same,66,
충청남도,예산군,44810,전,gun,lower,-0.1136,higher,3729,3.452,78815,0.8501,4.5,lower,-0.093,-0.1778,-0.0488,same,122,
충청남도,태안군,44825,대,gun,lower,-0.4297,neutral,1047,2.3577,59474,0.957,12.2,lower,-0.3318,-0.5225,-0.0296,same,38,
충청남도,태안군,44825,전,gun,lower,-0.2623,higher,3701,3.4035,59474,0.8838,6.0,lower,-0.2623,-0.3607,-0.2295,same,58,
경상북도,포항시 남구,47111,대,urban_rural,higher,0.3733,higher,1143,2.8283,215205,0.9974,57.0,higher,0.4615,0.099,0.681,same,42,
경상북도,포항시 남구,47111,전,urban_rural,lower,-0.5515,higher,1055,4.2031,215205,0.9791,13.6,lower,-0.5308,-0.6241,-0.3058,same,51,
경상북도,포항시 북구,47113,대,urban_rural,lower,-0.536,higher,1652,2.5561,273501,0.9921,50.0,lower,-0.5698,-0.7077,-0.1934,same,62,
경상북도,포항시 북구,47113,전,urban_rural,lower,-0.4737,higher,1987,3.3901,273501,0.9114,4.9,lower,-0.3023,-0.3913,-0.1389,same,61,
경상북도,경주시,47130,대,urban_rural,neutral,-0.0661,higher,2061,2.5956,244055,0.9845,25.4,neutral,-0.051,-0.2532,0.1401,same,98,
경상북도,경주시,47130,전,urban_rural,lower,-0.4659,higher,4091,3.6595,244055,0.9037,8.3,lower,-0.3816,-0.4321,-0.2749,same,120,
경상북도,안동시,47170,대,urban_rural,neutral,-0.094,higher,1458,2.7147,152610,0.9897,9.35,neutral,-0.0857,-0.4247,0.3788,same,72,
경상북도,영주시,47210,전,urban_rural,neutral,0.0,higher,3115,3.2507,97162,0.9165,2.7,neutral,0.04,-0.0769,0.125,same,77,
경상북도,영천시,47230,전,urban_rural,lower,-0.1818,higher,2706,3.1204,95185,0.8293,4.5,lower,-0.1818,-0.2727,-0.0682,same,114,
경상북도,문경시,47280,대,urban_rural,lower,-0.2824,higher,1063,2.687,65348,0.9887,8.9,lower,-0.4038,-0.4959,-0.1739,same,46,
경상북도,문경시,47280,전,urban_rural,neutral,0.08,higher,2062,3.1829,65348,0.8526,2.8,neutral,0.0385,-0.0741,0.2,same,71,
경상북도,경산시,47290,대,urban_rural,neutral,-0.0479,neutral,712,3.0855,263851,0.9902,52.9,neutral,-0.2304,-0.5748,0.2055,same,39,
경상북도,경산시,47290,전,urban_rural,neutral,0.018,higher,1229,3.5838,263851,0.8714,12.1,neutral,-0.0462,-0.1818,0.1539,same,55,
경상북도,의성군,47730,대,gun,lower,-0.2174,neutral,1136,2.2157,47902,0.9771,4.6,lower,-0.2826,-0.4316,-0.1395,same,67,
경상북도,청송군,47750,대,gun,neutral,-0.0444,higher,639,2.1209,23363,0.9859,4.9,neutral,-0.0745,-0.4139,0.1917,same,36,
경상북도,영양군,47760,대,gun,lower,-0.3833,neutral,372,2.0904,15941,0.9812,3.0,neutral,-0.2549,-0.3929,0.0455,to_neutral,27,
경상북도,영양군,47760,전,gun,neutral,0.0,neutral,1963,3.6564,15941,0.8604,1.5,neutral,0.0,-0.1333,0.0714,same,57,
경상북도,영덕군,47770,대,gun,lower,-0.7165,neutral,837,2.4177,32698,0.9952,11.1,lower,-0.6772,-0.7719,-0.3675,same,41,
경상북도,영덕군,47770,전,gun,lower,-0.3,higher,1523,3.4889,32698,0.8766,3.0,neutral,-0.1923,-0.3336,0.0,to_neutral,58,
경상북도,청도군,47820,대,gun,neutral,0.0,higher,801,2.7582,40117,0.9538,13.2,neutral,-0.1429,-0.2185,0.0373,same,46,
경상북도,고령군,47830,대,gun,neutral,0.1195,higher,494,2.7491,29667,0.9636,12.1,neutral,0.2273,-0.1597,1.0732,same,29,
경상북도,고령군,47830,전,gun,neutral,0.0833,higher,884,3.0977,29667,0.871,6.2,neutral,0.0833,-0.0909,0.3725,same,38,
경상북도,성주군,47840,대,gun,neutral,-0.0926,higher,895,2.2162,40720,0.981,10.9,neutral,-0.0968,-0.2301,0.1276,same,54,
경상북도,성주군,47840,전,gun,neutral,-0.0426,higher,1746,3.2283,40720,0.9261,4.7,neutral,-0.0816,-0.2264,0.0217,same,66,
경상북도,칠곡군,47850,대,gun,neutral,0.0747,neutral,699,2.6577,104826,0.9971,35.0,neutral,-0.1349,-0.3424,0.2723,same,33,
경상북도,칠곡군,47850,전,gun,lower,-0.2007,neutral,1216,3.505,104826,0.9474,13.2,lower,-0.23,-0.3432,-0.0661,same,45,
경상북도,예천군,47900,대,gun,lower,-0.2895,higher,816,2.4318,53887,0.9816,3.6,lower,-0.3571,-0.5556,-0.1429,same,47,
경상북도,봉화군,47920,대,gun,neutral,-0.0645,higher,644,2.6903,28315,0.9814,3.6,neutral,-0.1061,-0.2879,0.1564,same,37,
경상북도,봉화군,47920,전,gun,neutral,0.0588,neutral,3089,3.8208,28315,0.9249,1.8,neutral,0.0588,-0.1111,0.1765,same,62,
경상북도,울진군,47930,대,gun,lower,-0.7203,higher,588,2.9368,45894,0.9966,12.2,lower,-0.6633,-0.8962,-0.1596,same,23,
경상북도,울진군,47930,전,gun,lower,-0.4783,higher,1806,3.114,45894,0.959,2.3,lower,-0.3684,-0.5582,-0.25,same,63,
경상북도,울릉군,47940,전,gun,lower,-0.7206,neutral,307,7.3931,8696,1.0,12.2,lower,-0.7206,-0.7874,-0.5242,same,9,
경상남도,창원시 의창구,48121,대,urban_rural,neutral,-0.0752,neutral,467,3.1394,207141,0.9893,38.5,neutral,0.3709,-0.2385,2.679,same,19,
경상남도,창원시 의창구,48121,전,urban_rural,lower,-0.3007,neutral,540,3.563,207141,0.9352,14.9,neutral,-0.2362,-0.438,0.1146,to_neutral,23,
경상남도,창원시 마산합포구,48125,답,urban_rural,neutral,-0.0125,higher,1259,3.0303,175800,0.8777,8.2,neutral,0.0,-0.0617,0.0789,same,38,
경상남도,창원시 마산합포구,48125,대,urban_rural,lower,-0.5401,higher,667,4.3232,175800,0.994,59.8,lower,-0.5869,-0.7429,-0.2474,same,30,
경상남도,창원시 마산합포구,48125,전,urban_rural,neutral,-0.1023,neutral,572,3.4147,175800,0.9633,8.8,neutral,0.1007,-0.2706,0.3385,same,26,
경상남도,창원시 마산회원구,48127,답,urban_rural,neutral,-0.1319,higher,346,3.1325,176275,1.0,20.75,neutral,-0.1482,-0.3819,0.3856,same,11,
경상남도,창원시 진해구,48129,답,urban_rural,lower,-0.285,neutral,518,3.5539,184778,1.0,30.3,neutral,-0.2449,-0.4512,0.1218,to_neutral,12,
경상남도,창원시 진해구,48129,대,urban_rural,neutral,-0.0079,higher,714,4.9116,184778,1.0,96.95,neutral,-0.0183,-0.1609,0.3543,same,18,
경상남도,창원시 진해구,48129,전,urban_rural,neutral,-0.1869,higher,398,3.9694,184778,1.0,27.65,neutral,-0.1853,-0.5223,0.3302,same,18,
경상남도,진주시,48170,전,urban_rural,neutral,0.2051,higher,2566,3.0452,335938,0.947,4.3,neutral,0.1053,-0.0382,0.3636,same,85,
경상남도,통영시,48220,답,urban_rural,neutral,-0.0234,neutral,977,3.1179,116260,0.9232,6.4,neutral,-0.0741,-0.2606,0.0939,same,26,
경상남도,통영시,48220,대,urban_rural,higher,1.5083,higher,663,3.5967,116260,0.997,23.4,higher,1.4809,0.6636,2.2948,same,27,
경상남도,통영시,48220,전,urban_rural,lower,-0.5,higher,1425,3.3944,116260,0.993,5.4,lower,-0.4915,-0.6154,-0.3458,same,45,
경상남도,사천시,48240,대,urban_rural,higher,1.26,higher,880,3.256,107935,0.9875,22.05,higher,1.3868,0.4707,1.7786,same,35,
경상남도,사천시,48240,전,urban_rural,neutral,-0.1406,higher,1472,3.4151,107935,0.9164,6.4,neutral,-0.1452,-0.3492,0.091,same,60,
경상남도,김해시,48250,답,urban_rural,lower,-0.4824,higher,2733,4.4463,533035,0.7936,20.2,lower,-0.4902,-0.5754,-0.3982,same,50,
경상남도,김해시,48250,전,urban_rural,lower,-0.2098,higher,1328,4.3087,533035,0.9767,22.85,neutral,-0.1449,-0.3319,0.0794,to_neutral,51,
경상남도,밀양시,48270,답,urban_rural,higher,0.0656,higher,5305,3.0543,99252,0.4824,6.5,higher,0.0656,0.0164,0.1167,same,84,
경상남도,밀양시,48270,대,urban_rural,neutral,-0.125,neutral,1627,3.0596,99252,0.9902,17.9,lower,-0.2286,-0.3186,-0.0419,opposite,74,
경상남도,밀양시,48270,전,urban_rural,lower,-0.2289,higher,2598,3.1296,99252,0.9099,8.6,lower,-0.2381,-0.3222,-0.1084,same,84,
경상남도,거제시,48310,답,urban_rural,lower,-0.3455,higher,2716,3.395,231178,0.8049,11.7,lower,-0.2406,-0.3217,-0.1471,same,58,
경상남도,거제시,48310,대,urban_rural,higher,1.8154,neutral,855,4.6843,231178,0.9906,35.4,higher,1.3256,0.4332,8.0322,same,34,
경상남도,거제시,48310,전,urban_rural,lower,-0.2872,higher,1696,3.3873,231178,0.9688,15.1,lower,-0.2695,-0.4662,-0.1356,same,56,
경상남도,양산시,48330,답,urban_rural,lower,-0.278,higher,1968,4.2576,361155,0.9634,25.0,lower,-0.2809,-0.3882,-0.1111,same,42,
경상남도,양산시,48330,대,urban_rural,neutral,-0.0469,lower,871,2.895,361155,1.0,90.3,neutral,-0.1222,-0.2732,0.2627,same,35,
경상남도,양산시,48330,전,urban_rural,lower,-0.3282,neutral,1165,4.5073,361155,0.9931,30.3,lower,-0.3065,-0.4836,-0.0521,same,33,
경상남도,의령군,48720,대,gun,neutral,-0.0455,higher,738,2.287,24636,0.9946,7.3,neutral,-0.0556,-0.2803,0.2482,same,45,
경상남도,의령군,48720,전,gun,lower,-0.3125,neutral,1055,3.1143,24636,0.9289,2.4,lower,-0.2917,-0.44,-0.125,same,45,
경상남도,함안군,48730,대,gun,lower,-0.2236,higher,883,2.6067,57558,0.9898,13.1,lower,-0.1903,-0.3761,-0.009,same,46,
경상남도,함안군,48730,전,gun,neutral,-0.1429,higher,1645,3.5659,57558,0.9556,5.1,neutral,-0.125,-0.28,0.0208,same,54,
경상남도,창녕군,48740,대,gun,lower,-0.3435,higher,1079,2.6956,54900,0.9898,12.1,lower,-0.3478,-0.4539,-0.1284,same,62,
경상남도,고성군,48820,대,gun,neutral,0.0879,higher,919,3.1664,47097,0.9848,10.2,neutral,0.1262,-0.3619,0.5827,same,43,
경상남도,남해군,48840,대,gun,neutral,0.0612,neutral,905,3.4008,40770,0.9967,12.5,neutral,0.2045,-0.269,0.6667,same,40,
경상남도,하동군,48850,대,gun,lower,-0.3875,higher,780,2.7303,39971,0.9949,8.15,lower,-0.3553,-0.4605,-0.1579,same,51,
경상남도,하동군,48850,전,gun,neutral,-0.0455,higher,1539,3.1129,39971,0.9025,2.4,neutral,0.0,-0.1667,0.3333,same,66,
경상남도,산청군,48860,대,gun,neutral,0.0,neutral,771,2.7408,32745,0.9909,8.6,neutral,-0.1869,-0.3276,0.136,same,37,
경상남도,산청군,48860,전,gun,higher,0.3043,neutral,1264,3.0275,32745,0.9201,2.4,neutral,0.0833,-0.2708,0.3043,to_neutral,57,
경상남도,함양군,48870,대,gun,lower,-0.2703,higher,687,2.7709,35472,0.9985,7.2,neutral,-0.2985,-0.5205,0.0678,to_neutral,42,
경상남도,함양군,48870,전,gun,neutral,-0.2,neutral,1774,3.0654,35472,0.9538,2.0,neutral,-0.1579,-0.25,0.0588,same,61,
경상남도,거창군,48880,대,gun,neutral,-0.2875,neutral,895,2.16,58980,0.9955,7.7,neutral,-0.2785,-0.4487,0.0079,same,47,
경상남도,거창군,48880,전,gun,neutral,0.1176,higher,2301,3.095,58980,0.9492,1.8,neutral,0.1875,0.0,0.2667,same,60,
경상남도,합천군,48890,대,gun,lower,-0.2315,higher,1045,2.3684,39190,0.9885,5.4,lower,-0.2453,-0.3571,-0.0426,same,64,
제주특별자치도,제주시,50110,전,urban_rural,lower,-0.5632,higher,6700,3.7376,485182,1.0,17.75,lower,-0.5514,-0.5873,-0.5068,same,89,
제주특별자치도,서귀포시,50130,대,urban_rural,lower,-0.2621,neutral,956,2.899,179609,1.0,52.45,lower,-0.288,-0.4627,-0.1827,same,42,
제주특별자치도,서귀포시,50130,전,urban_rural,lower,-0.5711,higher,3652,4.2844,179609,1.0,17.1,lower,-0.5405,-0.5986,-0.5028,same,58,
강원특별자치도,춘천시,51110,답,urban_rural,lower,-0.4718,higher,2105,4.0136,285234,0.9577,12.0,lower,-0.4449,-0.5061,-0.3774,same,53,
강원특별자치도,춘천시,51110,대,urban_rural,lower,-0.2323,higher,1435,2.9519,285234,0.993,40.6,lower,-0.2749,-0.4388,-0.081,same,55,
강원특별자치도,춘천시,51110,전,urban_rural,lower,-0.5772,higher,4364,4.2372,285234,0.9824,14.4,lower,-0.564,-0.604,-0.5105,same,76,
강원특별자치도,원주시,51130,대,urban_rural,lower,-0.6014,neutral,1951,2.7595,363186,0.9918,49.7,lower,-0.6197,-0.7006,-0.5074,same,50,
강원특별자치도,원주시,51130,전,urban_rural,lower,-0.4902,higher,4250,3.5669,363186,0.94,9.6,lower,-0.4694,-0.5149,-0.4081,same,64,
강원특별자치도,강릉시,51150,대,urban_rural,lower,-0.3963,higher,1363,3.0783,206237,0.9963,33.3,lower,-0.3978,-0.4929,-0.194,same,69,
강원특별자치도,강릉시,51150,전,urban_rural,lower,-0.6667,higher,3099,4.0725,206237,0.9277,9.8,lower,-0.6196,-0.6716,-0.5806,same,68,
강원특별자치도,동해시,51170,답,prov_city,lower,-0.586,higher,193,3.0627,86333,0.9896,10.6,lower,-0.5742,-0.734,-0.3786,same,9,
강원특별자치도,동해시,51170,대,prov_city,neutral,-0.2031,neutral,606,3.1445,86333,0.9983,32.0,lower,-0.2432,-0.4535,-0.0288,opposite,16,
강원특별자치도,동해시,51170,전,prov_city,lower,-0.4923,higher,572,3.878,86333,0.9965,16.0,lower,-0.2638,-0.6205,-0.0575,same,21,
강원특별자치도,태백시,51190,대,prov_city,neutral,-0.3283,neutral,259,5.0017,37088,0.9961,17.3,neutral,-0.3246,-0.6641,0.0961,same,6,
강원특별자치도,태백시,51190,전,prov_city,lower,-0.4068,higher,380,5.4881,37088,0.8526,2.7,neutral,-0.125,-0.3182,0.0556,to_neutral,10,
강원특별자치도,속초시,51210,대,prov_city,neutral,-0.3248,neutral,531,5.1111,79636,1.0,137.0,neutral,-0.3301,-0.6855,0.0725,same,11,
강원특별자치도,속초시,51210,전,prov_city,neutral,-0.3033,higher,295,4.3367,79636,1.0,22.0,neutral,-0.1878,-0.4957,0.6746,same,6,
강원특별자치도,삼척시,51230,전,urban_rural,lower,-0.6154,higher,1568,4.2682,60518,0.9802,2.35,lower,-0.4118,-0.5556,-0.2353,same,49,
강원특별자치도,홍천군,51720,대,gun,lower,-0.1604,higher,1182,2.5882,66109,0.9577,10.2,lower,-0.3502,-0.4262,-0.1667,same,56,
강원특별자치도,홍천군,51720,전,gun,lower,-0.4488,neutral,6021,4.0093,66109,0.9121,5.8,lower,-0.4355,-0.4688,-0.4097,same,90,
강원특별자치도,횡성군,51730,대,gun,lower,-0.1685,neutral,1036,2.4509,45627,0.9942,8.9,neutral,-0.2111,-0.2718,0.0236,to_neutral,42,
강원특별자치도,횡성군,51730,전,gun,lower,-0.3571,higher,5184,3.7977,45627,0.95,5.0,lower,-0.3514,-0.3729,-0.3077,same,91,
강원특별자치도,영월군,51750,대,gun,neutral,-0.1624,higher,901,2.5191,36050,0.9501,6.0,neutral,-0.1009,-0.3125,0.2201,same,35,
강원특별자치도,영월군,51750,전,gun,lower,-0.2581,neutral,4050,3.8269,36050,0.9077,3.0,lower,-0.2581,-0.3444,-0.1333,same,54,
강원특별자치도,평창군,51760,대,gun,neutral,-0.029,higher,957,2.6128,39831,0.9781,7.8,neutral,-0.0282,-0.2079,0.307,same,40,
강원특별자치도,평창군,51760,전,gun,lower,-0.2826,higher,5984,3.8993,39831,0.9539,4.5,lower,-0.2826,-0.3261,-0.2174,same,72,
강원특별자치도,정선군,51770,대,gun,lower,-0.5303,higher,473,2.6295,34879,0.9662,7.3,neutral,-0.2979,-0.5083,0.4,to_neutral,18,
강원특별자치도,정선군,51770,전,gun,lower,-0.3182,higher,2606,4.5142,34879,0.8949,2.1,lower,-0.2857,-0.4091,-0.2857,same,45,
강원특별자치도,철원군,51780,대,gun,lower,-0.3029,neutral,551,2.4729,39979,0.9764,9.8,lower,-0.348,-0.4634,-0.1636,same,24,
강원특별자치도,철원군,51780,전,gun,lower,-0.4048,higher,1384,5.9991,39979,0.7175,3.9,lower,-0.359,-0.4762,-0.2647,same,37,
강원특별자치도,화천군,51790,대,gun,neutral,-0.3023,higher,277,2.5836,22371,0.9892,9.6,neutral,0.0234,-0.5139,0.7385,same,16,
강원특별자치도,화천군,51790,전,gun,lower,-0.375,neutral,1224,4.128,22371,0.9469,3.6,lower,-0.375,-0.5366,-0.2683,same,36,
강원특별자치도,양구군,51800,대,gun,lower,-0.4958,higher,460,2.5984,20410,0.9022,6.0,neutral,0.0667,-0.5836,0.7857,to_neutral,17,
강원특별자치도,양구군,51800,전,gun,lower,-0.5,higher,2225,4.5554,20410,0.7317,0.7,neutral,-0.25,-0.25,0.0,to_neutral,21,
강원특별자치도,인제군,51810,답,gun,lower,-0.1951,higher,581,3.5408,30863,0.6575,4.1,lower,-0.1951,-0.2727,-0.0526,same,19,
강원특별자치도,인제군,51810,대,gun,neutral,-0.2162,higher,462,2.693,30863,0.987,11.2,lower,-0.3529,-0.4698,-0.103,opposite,22,
강원특별자치도,인제군,51810,전,gun,lower,-0.4468,higher,1665,4.2554,30863,0.9658,4.4,lower,-0.4348,-0.5,-0.3333,same,31,
강원특별자치도,고성군,51820,대,gun,lower,-0.1632,higher,492,3.0671,26845,0.9959,25.7,lower,-0.2241,-0.4177,-0.0658,same,23,
강원특별자치도,고성군,51820,전,gun,lower,-0.5846,higher,845,3.8045,26845,0.9254,6.1,lower,-0.5345,-0.6286,-0.434,same,34,
강원특별자치도,양양군,51830,답,gun,lower,-0.25,neutral,1007,3.0539,27292,0.6862,5.5,lower,-0.25,-0.3443,-0.0862,same,45,
강원특별자치도,양양군,51830,대,gun,higher,0.5764,higher,596,2.173,27292,0.9966,30.05,higher,0.3435,0.0822,0.9076,same,23,
강원특별자치도,양양군,51830,전,gun,lower,-0.5982,neutral,1666,3.4526,27292,0.9502,10.3,lower,-0.5389,-0.6462,-0.4197,same,68,
전북특별자치도,전주시 완산구,52111,답,urban_rural,lower,-0.3445,neutral,452,4.1915,316419,1.0,22.7,lower,-0.3458,-0.4831,-0.0508,same,12,
전북특별자치도,전주시 완산구,52111,대,urban_rural,neutral,-0.2305,neutral,1064,3.5394,316419,1.0,103.6,neutral,-0.2681,-0.5496,0.0937,same,27,
전북특별자치도,전주시 완산구,52111,전,urban_rural,neutral,-0.1382,higher,390,4.9133,316419,1.0,29.3,neutral,0.039,-0.3043,0.4419,same,12,
전북특별자치도,전주시 덕진구,52113,답,urban_rural,lower,-0.396,higher,1033,3.1763,309018,0.9148,14.9,lower,-0.234,-0.3583,-0.1193,same,18,
전북특별자치도,전주시 덕진구,52113,전,urban_rural,neutral,-0.3524,higher,803,4.207,309018,0.9726,23.7,neutral,-0.1447,-0.3172,0.4967,same,20,
전북특별자치도,군산시,52130,대,urban_rural,neutral,-0.2087,neutral,2200,2.5444,256291,0.9873,18.3,lower,-0.3525,-0.4572,-0.0494,opposite,63,
전북특별자치도,군산시,52130,전,urban_rural,lower,-0.32,higher,2185,3.1618,256291,0.9776,7.6,lower,-0.25,-0.3577,-0.1304,same,59,
전북특별자치도,익산시,52140,대,urban_rural,neutral,-0.1023,higher,2027,2.9923,267066,0.9921,9.1,neutral,-0.1278,-0.2857,0.0392,same,92,
전북특별자치도,익산시,52140,전,urban_rural,neutral,0.0,higher,4064,3.477,267066,0.9577,3.9,neutral,-0.0488,-0.0976,0.025,same,98,
전북특별자치도,정읍시,52180,전,urban_rural,neutral,0.0526,higher,4260,3.1803,101123,0.9512,2.0,neutral,0.0526,-0.05,0.1667,same,122,
전북특별자치도,남원시,52190,전,urban_rural,neutral,0.0,higher,3139,3.0533,74272,0.8748,1.8,neutral,0.0588,0.0,0.1515,same,119,
전북특별자치도,김제시,52210,전,urban_rural,neutral,0.0645,neutral,3985,3.2419,81676,0.9583,3.2,neutral,0.0645,-0.0312,0.1613,same,99,
전북특별자치도,완주군,52710,대,gun,higher,0.3372,neutral,1566,2.5392,100444,0.9789,17.8,neutral,0.148,-0.1074,0.5083,to_neutral,57,
전북특별자치도,완주군,52710,전,gun,lower,-0.2639,higher,3553,3.5638,100444,0.8908,7.0,lower,-0.209,-0.3189,-0.1364,same,83,
전북특별자치도,진안군,52720,대,gun,neutral,0.1538,neutral,682,2.0951,24249,0.9721,4.2,neutral,0.1538,-0.2051,0.5,same,34,
전북특별자치도,진안군,52720,전,gun,neutral,-0.0556,higher,2030,3.1508,24249,0.9064,1.9,neutral,-0.0556,-0.1667,0.0295,same,54,
전북특별자치도,무주군,52730,대,gun,neutral,0.2131,higher,587,2.6129,22787,0.9983,6.5,neutral,0.0759,-0.3333,0.8781,same,26,
전북특별자치도,무주군,52730,전,gun,neutral,-0.125,neutral,2266,3.067,22787,0.9356,2.3,neutral,-0.125,-0.1668,0.0,same,44,
전북특별자치도,장수군,52740,대,gun,lower,-0.2432,higher,477,2.2269,20922,0.9916,3.9,lower,-0.3247,-0.5047,-0.1249,same,30,
전북특별자치도,장수군,52740,전,gun,neutral,0.0667,neutral,1409,3.3619,20922,0.8808,1.6,neutral,0.0,-0.1765,0.3125,same,44,
전북특별자치도,임실군,52750,대,gun,neutral,-0.1807,neutral,933,2.2187,25259,0.9904,4.2,neutral,-0.0556,-0.2573,0.2287,same,58,
전북특별자치도,임실군,52750,전,gun,neutral,-0.0625,higher,2382,3.4027,25259,0.8879,1.7,neutral,-0.0625,-0.1765,0.0626,same,81,
전북특별자치도,순창군,52770,대,gun,neutral,-0.2063,higher,619,2.2804,27714,0.9838,3.2,neutral,-0.2188,-0.4302,0.0417,same,41,
전북특별자치도,순창군,52770,전,gun,neutral,0.0714,higher,1908,3.0955,27714,0.848,1.5,neutral,0.0714,-0.1429,0.1538,same,77,
전북특별자치도,고창군,52790,대,gun,lower,-0.2121,neutral,1610,2.3637,50396,0.9901,3.2,neutral,-0.1333,-0.3,0.0345,to_neutral,98,
전북특별자치도,부안군,52800,대,gun,neutral,-0.1167,neutral,1297,2.4061,47220,0.9838,6.1,neutral,-0.1311,-0.297,0.1636,same,58,
전북특별자치도,부안군,52800,전,gun,neutral,-0.0909,higher,3179,3.0712,47220,0.9572,3.3,neutral,-0.0323,-0.0938,0.0667,same,60,
